personID,age,employed,ownsHome,rentsHome,ownsCar
1,50,1,1,0,1
2,64,1,0,1,1
3,39,0,0,1,1
4,39,0,1,0,0
5,51,1,1,0,1
6,39,1,1,0,1
7,45,1,1,0,1
8,64,1,1,0,1
9,42,1,0,1,0
10,36,0,0,1,1
11,45,1,1,0,0
12,65,1,1,0,1
13,22,1,1,0,1
14,20,1,1,0,1
15,55,1,1,0,1
16,38,1,1,0,1
17,55,1,0,0,1
18,50,0,0,1,1
19,21,1,1,0,1
20,50,1,0,1,0
21,48,0,1,0,1
22,48,1,0,1,0
23,45,1,1,0,0
24,44,1,0,1,0
25,65,1,1,0,1
26,25,0,1,0,0
27,56,1,1,0,0
28,26,1,0,1,1
29,31,1,0,1,0
30,65,1,1,0,1
31,65,0,0,1,1
32,22,1,0,1,0
33,47,1,1,0,0
34,48,0,1,0,1
35,48,1,1,0,1
36,34,1,0,1,1
37,25,1,0,1,0
38,26,1,0,1,0
39,52,1,1,0,1
40,53,1,1,0,1
41,48,1,0,1,0
42,45,1,1,0,1
43,54,1,0,1,0
44,52,1,1,0,1
45,43,1,0,1,1
46,43,1,1,0,0
47,61,0,1,0,1
48,41,0,1,0,1
49,55,1,1,0,0
50,62,1,1,0,1
51,25,1,1,0,0
52,23,1,0,1,0
53,54,1,0,1,0
54,51,1,1,0,1
55,54,1,1,0,1
56,62,1,0,1,1
57,40,1,0,1,0
58,59,1,1,0,1
59,53,1,1,0,1
60,33,1,0,1,0
61,63,1,1,0,1
62,55,1,0,1,0
63,62,0,1,0,1
64,56,1,1,0,0
65,20,1,1,0,1
66,29,1,1,0,1
67,49,1,1,0,1
68,49,1,0,1,1
69,63,0,1,0,1
70,41,1,1,0,1
71,19,1,1,0,1
72,29,1,0,1,1
73,60,1,1,0,0
74,61,1,0,1,1
75,28,1,0,1,1
76,59,0,0,1,1
77,46,1,1,0,1
78,43,0,1,0,1
79,42,1,0,1,0
80,46,1,0,1,1
81,18,1,0,1,0
82,27,1,0,1,1
83,30,1,1,0,1
84,33,0,1,0,1
85,21,1,1,0,1
86,20,1,0,1,1
87,65,0,1,0,1
88,50,1,1,0,1
89,29,1,0,1,1
90,31,1,1,0,0
91,36,1,0,1,0
92,22,0,1,0,0
93,53,1,1,0,1
94,35,1,0,1,0
95,27,1,1,0,1
96,55,1,1,0,1
97,27,1,0,1,0
98,20,1,1,0,1
99,55,0,1,0,1
100,40,1,1,0,0
101,26,1,1,0,1
102,49,1,1,0,1
103,31,1,1,0,1
104,44,1,1,0,0
105,24,1,1,0,0
106,32,1,1,0,0
107,42,1,0,1,1
108,22,1,0,1,0
109,33,1,1,0,1
110,29,1,1,0,1
111,65,1,1,0,0
112,24,0,1,0,0
113,23,0,1,0,1
114,45,0,1,0,0
115,26,1,1,0,0
116,43,0,1,0,1
117,24,1,0,1,0
118,60,1,1,0,1
119,48,0,0,1,1
120,63,1,0,1,0
121,28,1,1,0,1
122,43,1,1,0,1
123,21,1,0,1,0
124,47,1,1,0,1
125,58,1,1,0,1
126,36,1,1,0,0
127,40,1,1,0,1
128,32,0,0,1,0
129,60,0,1,0,1
130,42,1,1,0,0
131,43,1,0,1,0
132,62,1,1,0,0
133,44,1,0,1,1
134,19,1,1,1,0
135,46,0,1,0,0
136,27,0,1,0,1
137,64,0,0,1,1
138,27,0,1,0,1
139,42,1,0,1,1
140,32,1,1,0,1
141,33,1,1,0,1
142,39,0,1,0,1
143,44,1,1,0,0
144,41,1,1,0,1
145,54,1,0,1,1
146,59,1,1,0,1
147,40,0,0,1,1
148,29,0,1,0,1
149,56,0,1,0,0
150,47,1,0,1,0
151,57,1,1,0,1
152,50,1,1,0,1
153,55,1,1,0,0
154,37,1,1,0,1
155,34,1,1,0,1
156,43,0,1,0,0
157,63,1,1,0,1
158,62,1,0,1,1
159,49,0,1,0,1
160,51,1,0,1,1
161,55,1,0,1,1
162,47,1,1,0,0
163,33,1,1,0,1
164,19,0,1,0,1
165,18,1,1,0,0
166,54,1,0,1,0
167,51,1,0,1,1
168,28,1,0,1,1
169,60,1,1,0,1
170,45,1,1,0,1
171,38,1,0,1,1
172,65,1,0,1,1
173,22,1,0,1,0
174,60,1,0,1,1
175,53,0,0,1,0
176,54,0,0,1,1
177,48,1,0,1,1
178,20,0,1,0,1
179,44,1,1,0,0
180,40,1,1,0,1
181,31,1,1,0,1
182,51,1,0,1,0
183,55,1,0,1,1
184,62,0,0,1,1
185,21,1,1,0,1
186,40,1,1,0,0
187,63,1,1,0,0
188,45,0,0,1,1
189,34,1,1,0,1
190,26,1,0,1,1
191,39,1,1,0,0
192,22,1,1,0,0
193,27,1,1,0,1
194,62,0,0,1,0
195,34,1,1,0,1
196,43,1,0,1,0
197,47,1,0,1,1
198,25,1,0,1,0
199,54,1,1,0,1
200,32,1,1,0,0
201,31,1,1,0,1
202,60,0,0,1,0
203,43,0,1,1,1
204,30,1,1,0,1
205,50,1,0,1,1
206,21,1,1,0,1
207,51,1,1,0,1
208,50,0,0,1,1
209,56,1,1,0,0
210,60,1,1,0,1
211,41,1,1,0,0
212,48,0,1,0,1
213,39,1,1,0,1
214,22,0,0,1,1
215,21,1,1,0,0
216,31,1,1,0,0
217,24,0,1,0,1
218,56,1,1,0,1
219,54,1,1,0,0
220,43,1,0,1,1
221,40,1,1,0,1
222,46,1,1,0,1
223,55,1,1,0,1
224,58,1,1,0,0
225,30,1,1,0,0
226,49,1,1,0,0
227,41,1,0,1,0
228,61,1,0,1,1
229,38,0,0,1,0
230,60,1,1,0,1
231,41,1,1,0,1
232,55,1,1,0,0
233,21,1,1,0,1
234,28,1,0,1,1
235,43,0,1,0,1
236,57,1,1,0,1
237,41,1,1,0,1
238,34,1,1,0,1
239,47,1,0,1,1
240,18,1,0,1,1
241,49,0,1,0,1
242,32,1,0,1,1
243,53,1,1,0,0
244,21,1,0,1,1
245,35,1,1,0,1
246,19,1,1,0,1
247,46,0,1,0,1
248,62,1,1,0,1
249,64,0,1,0,1
250,43,1,0,1,1
251,48,1,1,0,1
252,28,1,0,1,1
253,61,1,1,0,1
254,50,1,0,1,1
255,51,1,1,0,0
256,38,1,0,1,1
257,19,0,0,1,0
258,53,1,1,0,0
259,50,1,0,1,0
260,49,1,1,0,0
261,36,1,0,1,1
262,51,1,1,0,0
263,57,1,1,0,1
264,24,1,0,1,0
265,52,1,1,0,0
266,32,1,1,0,1
267,20,0,1,0,0
268,57,0,0,1,0
269,44,1,0,1,1
270,40,1,1,0,1
271,49,0,1,0,0
272,26,0,0,1,1
273,61,1,0,1,1
274,29,1,0,1,1
275,54,1,1,0,1
276,26,0,1,0,1
277,51,1,1,0,1
278,61,1,0,1,1
279,31,1,0,1,1
280,30,1,0,1,1
281,36,1,1,0,1
282,19,0,1,0,1
283,59,1,0,1,0
284,56,1,0,1,0
285,31,1,1,0,0
286,49,0,0,1,1
287,50,1,1,0,1
288,59,1,0,1,1
289,54,0,1,0,1
290,20,1,1,0,1
291,51,1,0,1,1
292,25,0,0,1,1
293,32,1,1,0,1
294,39,1,0,1,1
295,62,1,0,1,1
296,47,1,1,0,1
297,32,1,1,0,0
298,61,1,1,0,1
299,41,1,1,0,1
300,48,1,1,0,1
301,49,1,1,0,1
302,54,1,0,1,1
303,65,1,1,0,1
304,34,1,1,0,1
305,33,0,0,1,0
306,57,0,1,0,1
307,51,1,0,1,1
308,18,1,1,0,1
309,27,1,0,1,1
310,39,0,1,0,1
311,19,1,1,0,1
312,53,1,1,0,1
313,35,1,1,0,0
314,22,0,1,0,1
315,62,1,0,1,1
316,48,0,1,0,1
317,40,1,0,1,1
318,39,0,0,1,1
319,51,0,1,0,0
320,60,1,1,0,1
321,64,0,1,0,1
322,43,1,0,1,1
323,26,1,0,1,1
324,27,1,1,0,0
325,46,1,0,1,0
326,61,1,1,0,1
327,28,1,1,0,1
328,64,1,0,1,0
329,53,1,0,1,1
330,34,1,1,0,1
331,55,1,0,1,0
332,48,1,1,0,0
333,43,1,1,0,0
334,31,0,1,0,1
335,31,1,0,1,0
336,47,0,1,0,1
337,52,0,0,1,1
338,35,1,1,0,0
339,35,1,1,0,0
340,41,1,1,0,1
341,56,0,0,1,1
342,48,1,0,1,1
343,54,1,0,1,1
344,25,1,1,0,1
345,49,1,0,1,1
346,58,1,0,1,1
347,60,1,0,1,0
348,65,0,0,1,0
349,57,1,0,1,0
350,57,1,0,1,1
351,45,1,1,0,1
352,42,0,1,0,1
353,32,1,1,0,1
354,61,1,1,0,1
355,54,1,1,0,0
356,23,0,1,0,1
357,47,1,1,0,1
358,54,1,0,1,1
359,64,1,0,1,1
360,50,1,1,0,1
361,29,1,0,1,1
362,43,0,1,0,1
363,25,0,1,0,1
364,58,1,1,0,1
365,20,1,0,1,1
366,19,1,1,0,1
367,65,1,1,0,1
368,30,1,0,1,1
369,49,1,1,0,1
370,21,0,1,0,1
371,52,1,1,0,0
372,58,0,0,1,1
373,21,1,1,0,0
374,28,0,0,1,1
375,53,1,0,1,1
376,51,0,0,1,1
377,18,1,1,0,1
378,62,1,1,0,1
379,59,0,0,1,0
380,40,1,0,1,1
381,52,1,1,0,1
382,60,0,1,1,1
383,52,1,1,0,1
384,32,1,1,0,1
385,62,1,0,1,1
386,21,1,1,0,1
387,37,1,1,0,1
388,48,1,1,0,1
389,40,1,1,0,1
390,38,1,0,1,0
391,20,1,1,0,0
392,37,1,0,1,0
393,36,1,0,1,1
394,29,1,1,0,1
395,41,0,1,0,0
396,61,1,1,0,1
397,53,1,1,0,0
398,48,1,0,1,0
399,62,0,1,0,1
400,64,0,1,0,1
401,36,1,0,1,1
402,62,1,0,1,1
403,30,0,1,0,1
404,35,1,1,0,0
405,47,1,1,0,1
406,28,1,1,0,1
407,49,0,0,1,1
408,50,1,1,0,0
409,35,1,0,1,0
410,44,1,0,1,1
411,29,1,1,0,1
412,19,1,0,1,0
413,37,1,0,1,1
414,40,1,1,0,0
415,44,1,1,0,1
416,29,1,1,0,1
417,39,1,0,1,0
418,40,1,0,1,0
419,42,1,1,0,1
420,65,1,0,1,1
421,38,1,1,0,1
422,58,1,1,0,1
423,30,0,1,0,0
424,42,1,1,0,1
425,44,1,1,0,1
426,35,1,0,1,1
427,56,1,0,1,1
428,39,1,0,1,0
429,20,0,0,1,0
430,21,1,1,0,0
431,33,0,1,0,1
432,52,1,0,1,0
433,35,1,1,0,0
434,32,1,1,0,1
435,41,1,0,1,1
436,50,1,1,0,1
437,48,1,1,0,1
438,59,0,1,0,0
439,42,1,0,1,1
440,52,1,1,0,0
441,52,0,1,0,0
442,52,1,1,0,1
443,59,1,1,0,0
444,36,1,1,0,1
445,63,1,0,1,1
446,42,1,1,0,1
447,28,1,0,1,0
448,20,0,0,1,1
449,37,0,1,0,1
450,20,1,0,1,0
451,65,0,0,1,1
452,46,1,1,0,0
453,30,0,0,1,1
454,54,1,1,0,1
455,63,1,1,0,1
456,50,1,1,0,1
457,34,1,1,0,1
458,65,1,1,0,1
459,63,1,0,1,1
460,45,0,1,0,1
461,22,0,1,0,1
462,56,1,1,0,0
463,37,1,1,0,1
464,29,1,1,0,0
465,56,1,0,1,0
466,22,0,1,0,0
467,52,0,1,0,0
468,39,0,0,1,1
469,58,0,1,0,1
470,31,1,1,0,0
471,39,1,1,0,1
472,46,1,0,1,1
473,59,1,1,0,1
474,48,1,0,1,1
475,65,1,1,0,0
476,41,0,0,1,1
477,56,1,1,0,0
478,48,1,1,0,0
479,63,1,0,1,1
480,41,1,0,1,1
481,40,0,1,0,0
482,64,1,1,0,1
483,33,1,0,1,1
484,48,1,1,0,1
485,64,1,1,0,0
486,58,1,1,0,1
487,35,1,0,1,0
488,53,1,0,1,1
489,25,0,0,1,1
490,58,1,0,1,1
491,24,0,0,1,1
492,55,1,1,0,1
493,44,1,1,0,1
494,39,0,1,0,0
495,24,1,0,1,1
496,33,0,0,1,0
497,62,1,1,0,1
498,39,0,1,0,1
499,24,1,1,0,1
500,34,1,1,0,1
501,62,1,0,1,1
502,22,1,0,1,0
503,58,1,1,0,0
504,26,1,0,1,0
505,22,1,1,0,1
506,50,1,0,1,1
507,33,1,1,0,0
508,42,1,1,0,1
509,44,0,1,0,1
510,31,0,1,0,0
511,63,1,1,0,0
512,34,1,1,0,1
513,53,1,1,0,1
514,41,1,0,1,1
515,48,1,1,0,1
516,57,1,1,0,1
517,40,0,1,0,1
518,33,1,0,1,1
519,52,1,1,0,0
520,39,0,0,1,0
521,30,0,1,0,1
522,64,1,1,0,0
523,39,1,1,0,1
524,51,1,1,0,1
525,29,1,1,0,1
526,63,0,1,0,0
527,60,1,1,0,1
528,22,1,0,1,1
529,27,1,1,0,0
530,51,1,0,1,1
531,60,0,0,1,0
532,58,1,0,1,1
533,50,1,1,0,1
534,22,1,1,0,1
535,27,1,1,0,1
536,45,1,1,0,0
537,32,1,0,1,0
538,24,1,1,0,1
539,44,0,1,0,1
540,52,1,0,1,0
541,61,0,1,0,1
542,51,1,1,0,1
543,45,0,1,0,0
544,46,1,1,0,1
545,63,1,0,1,0
546,63,1,0,1,0
547,58,1,0,1,1
548,47,1,1,0,0
549,56,1,1,0,1
550,23,1,1,0,0
551,55,1,1,0,1
552,41,0,0,1,0
553,65,1,0,1,1
554,49,1,1,0,0
555,34,1,1,0,1
556,61,1,1,0,1
557,45,0,1,0,1
558,59,1,0,1,1
559,32,1,0,1,1
560,53,1,1,0,0
561,65,1,0,1,1
562,47,1,1,0,0
563,21,0,0,1,0
564,20,1,1,0,1
565,52,1,0,1,1
566,40,1,0,1,1
567,52,1,1,0,1
568,25,1,0,1,1
569,36,0,0,1,1
570,43,1,1,0,1
571,28,1,0,1,1
572,47,1,1,0,1
573,41,1,1,0,1
574,65,0,1,0,1
575,50,1,0,1,1
576,26,1,1,0,1
577,64,1,1,0,1
578,34,1,1,0,0
579,59,1,1,0,1
580,45,0,0,1,1
581,63,1,0,1,1
582,26,0,1,0,1
583,54,1,0,1,0
584,51,1,1,0,1
585,34,1,0,1,1
586,51,1,1,0,1
587,65,1,1,0,1
588,41,1,0,1,1
589,46,1,1,0,1
590,61,0,0,1,1
591,64,1,0,1,1
592,39,1,1,0,1
593,54,1,0,1,1
594,41,0,0,1,0
595,30,0,1,0,1
596,30,0,1,0,1
597,55,1,0,1,1
598,28,1,0,1,1
599,57,1,1,0,1
600,33,1,1,0,1
601,38,1,1,0,1
602,61,1,1,0,1
603,65,1,1,0,0
604,43,0,0,1,1
605,43,0,1,0,1
606,46,1,0,1,1
607,45,1,1,0,0
608,29,1,1,0,1
609,31,0,0,1,0
610,42,1,1,0,1
611,32,1,1,0,1
612,42,1,0,1,0
613,23,1,1,0,1
614,19,1,1,0,0
615,65,1,1,0,1
616,63,1,1,0,0
617,45,1,1,0,1
618,29,1,1,0,0
619,47,1,0,1,1
620,36,0,0,1,0
621,48,1,0,1,0
622,40,0,1,0,1
623,49,0,1,0,1
624,46,1,1,0,1
625,65,1,1,0,1
626,22,0,1,0,1
627,25,1,1,0,1
628,61,1,1,0,0
629,27,1,1,0,1
630,25,1,1,0,1
631,54,0,1,0,1
632,56,1,0,1,0
633,51,1,1,0,0
634,29,1,1,0,1
635,64,1,1,0,0
636,22,1,1,0,1
637,37,1,0,1,1
638,39,0,1,0,1
639,55,1,0,1,1
640,31,1,0,1,1
641,54,0,0,1,0
642,52,0,1,0,0
643,43,0,1,0,1
644,27,1,1,0,1
645,32,1,1,0,1
646,25,1,1,0,1
647,48,1,1,0,1
648,58,1,1,0,1
649,60,1,0,1,1
650,58,0,0,1,0
651,58,1,1,0,1
652,57,1,0,1,1
653,38,0,1,0,1
654,27,1,0,1,0
655,54,1,1,0,1
656,65,1,1,0,1
657,26,1,0,1,0
658,58,1,1,0,1
659,34,1,0,1,1
660,30,1,0,1,1
661,46,1,0,1,0
662,53,1,1,0,1
663,38,1,0,1,1
664,24,1,0,1,0
665,56,1,1,0,1
666,40,1,0,1,1
667,50,1,1,0,1
668,51,1,1,0,1
669,59,1,1,0,1
670,25,1,0,1,1
671,36,1,1,0,0
672,38,1,1,0,1
673,42,1,1,0,1
674,50,1,1,0,1
675,26,1,1,0,1
676,32,0,1,0,1
677,31,1,0,1,0
678,45,1,1,0,1
679,27,1,1,0,0
680,45,1,1,0,0
681,41,1,0,1,1
682,25,0,1,0,1
683,48,1,1,0,1
684,45,1,1,0,0
685,33,1,1,0,1
686,52,1,1,0,1
687,46,1,1,0,0
688,52,0,0,1,1
689,29,1,1,0,1
690,42,1,1,0,1
691,29,1,1,0,1
692,23,1,0,1,1
693,30,1,1,0,1
694,50,0,0,1,1
695,55,1,0,1,1
696,41,1,1,0,1
697,57,1,1,0,0
698,61,1,1,0,1
699,49,1,0,1,1
700,43,1,1,0,0
701,26,0,0,1,1
702,44,1,0,1,1
703,22,0,0,1,1
704,61,1,0,1,0
705,20,1,1,0,1
706,46,1,1,0,1
707,44,0,0,1,1
708,45,1,0,1,1
709,19,0,1,0,1
710,30,1,1,0,1
711,64,0,0,1,1
712,25,1,0,1,0
713,23,1,1,0,1
714,19,1,1,0,1
715,36,1,1,0,1
716,42,1,1,0,1
717,40,1,1,0,0
718,33,1,1,0,0
719,30,1,1,0,1
720,62,1,0,1,0
721,64,1,0,1,1
722,32,0,0,1,0
723,27,0,0,1,0
724,23,1,0,1,1
725,23,0,1,0,0
726,55,1,0,1,1
727,57,1,1,0,1
728,25,1,1,0,1
729,22,1,0,1,0
730,23,0,1,0,1
731,23,1,1,0,1
732,60,1,1,0,1
733,25,0,1,0,1
734,26,1,1,0,1
735,40,1,1,0,0
736,45,1,1,0,1
737,39,1,0,1,0
738,50,1,1,0,1
739,32,1,0,1,0
740,62,1,1,0,1
741,45,1,1,0,1
742,60,0,0,1,1
743,28,1,1,0,0
744,32,1,1,0,1
745,61,0,1,0,1
746,59,0,0,1,0
747,37,1,0,1,0
748,42,1,1,0,1
749,65,1,0,1,0
750,62,1,0,1,1
751,64,0,1,0,1
752,38,0,1,0,1
753,28,1,0,1,0
754,42,1,0,1,1
755,23,1,0,1,1
756,36,1,0,1,1
757,34,1,1,0,1
758,49,0,0,1,1
759,60,1,1,0,1
760,39,1,0,1,1
761,46,1,1,0,1
762,32,1,1,0,1
763,28,1,0,1,0
764,48,0,0,1,1
765,32,1,1,0,0
766,30,1,1,0,0
767,56,1,1,0,1
768,36,1,1,0,0
769,20,1,0,1,1
770,37,1,0,1,1
771,41,1,1,0,0
772,22,1,1,0,1
773,49,1,1,0,0
774,45,1,1,0,1
775,26,0,0,1,1
776,47,1,1,0,1
777,27,0,0,1,1
778,29,1,0,1,1
779,19,1,0,1,1
780,62,1,1,0,0
781,49,1,1,0,1
782,63,1,1,0,0
783,58,1,0,1,1
784,60,0,1,0,0
785,38,0,1,0,0
786,30,1,1,0,0
787,30,0,1,0,1
788,39,1,0,1,0
789,64,0,1,0,1
790,42,1,0,1,1
791,21,1,1,0,1
792,42,1,1,0,1
793,21,1,0,1,0
794,26,0,1,0,1
795,49,1,1,0,1
796,48,1,1,0,1
797,56,1,0,1,0
798,65,1,0,1,0
799,36,1,0,1,1
800,21,1,1,0,1
801,28,1,1,0,1
802,40,1,0,1,0
803,59,0,0,1,0
804,29,0,0,1,0
805,63,0,1,0,0
806,32,1,1,0,1
807,52,1,1,0,1
808,62,1,1,0,1
809,21,1,1,0,1
810,19,0,1,0,1
811,55,0,0,1,0
812,61,1,1,0,1
813,40,1,0,1,1
814,52,1,0,1,1
815,39,0,1,0,1
816,49,1,1,0,1
817,59,1,0,1,0
818,63,1,0,1,1
819,58,0,0,1,1
820,39,0,0,1,1
821,27,1,1,0,1
822,64,0,0,1,1
823,34,0,1,0,1
824,55,1,0,1,0
825,43,1,0,1,0
826,38,1,0,1,1
827,29,1,0,1,1
828,21,1,0,1,1
829,54,0,1,0,1
830,55,1,1,0,0
831,64,1,1,0,1
832,34,1,0,1,0
833,35,0,0,1,1
834,34,0,0,1,0
835,27,1,0,1,0
836,52,0,0,1,1
837,62,1,0,1,1
838,58,1,1,0,1
839,48,0,0,1,1
840,34,1,1,0,1
841,57,1,1,0,1
842,24,1,1,0,0
843,24,1,0,1,1
844,25,1,1,0,1
845,39,1,1,0,1
846,65,0,0,1,1
847,59,1,0,1,1
848,26,0,1,0,0
849,25,1,1,0,0
850,31,1,0,1,1
851,51,1,0,1,0
852,33,1,1,0,0
853,33,1,1,0,1
854,47,0,0,1,1
855,33,0,0,1,1
856,41,0,0,1,1
857,41,1,1,0,1
858,18,1,1,0,0
859,31,1,1,0,1
860,48,0,0,1,1
861,35,1,1,0,1
862,25,1,1,0,0
863,31,1,0,1,1
864,39,1,1,0,1
865,45,1,0,1,1
866,42,1,0,1,0
867,54,1,0,1,1
868,32,1,1,0,1
869,21,1,1,0,1
870,37,0,0,1,1
871,32,1,1,0,1
872,59,1,1,0,0
873,19,1,1,0,0
874,26,1,0,1,0
875,54,1,0,1,1
876,65,1,1,0,1
877,20,1,1,0,1
878,46,0,1,0,0
879,39,1,1,0,1
880,56,1,1,0,1
881,31,1,0,1,1
882,39,1,1,0,1
883,22,1,0,1,0
884,36,1,0,1,1
885,47,1,1,0,1
886,31,0,1,0,0
887,33,1,0,1,1
888,48,0,1,0,1
889,59,1,1,0,0
890,24,1,0,1,1
891,38,1,0,1,1
892,49,1,1,0,1
893,58,1,0,1,0
894,50,1,1,0,1
895,41,0,1,0,1
896,41,1,1,0,0
897,60,1,1,0,1
898,56,1,1,0,0
899,57,0,0,1,1
900,29,1,1,0,1
901,44,1,0,1,1
902,21,0,1,0,1
903,43,1,0,1,1
904,24,1,1,0,1
905,39,1,0,1,1
906,21,1,1,0,1
907,47,1,1,0,1
908,60,1,1,0,0
909,28,1,0,1,1
910,42,0,0,1,1
911,64,0,0,1,1
912,33,1,1,0,0
913,34,1,0,1,1
914,27,1,0,1,0
915,33,0,1,0,1
916,50,1,0,1,1
917,29,1,0,1,0
918,19,1,0,1,0
919,36,1,1,0,1
920,20,1,1,0,1
921,30,1,0,1,0
922,32,0,1,0,0
923,42,1,0,1,1
924,22,0,0,1,1
925,32,0,0,1,0
926,34,1,1,0,0
927,60,1,1,0,1
928,48,1,0,1,1
929,19,1,0,1,1
930,28,1,1,0,1
931,42,1,1,0,1
932,37,1,0,1,0
933,60,1,0,1,1
934,59,0,1,0,1
935,52,1,0,1,1
936,51,1,1,0,0
937,47,1,1,0,0
938,28,1,1,0,0
939,25,0,1,0,1
940,62,0,1,0,1
941,29,0,1,0,1
942,35,1,0,1,0
943,44,1,0,1,1
944,64,1,1,0,1
945,56,0,1,0,0
946,52,1,0,1,1
947,38,1,0,1,0
948,41,1,1,0,1
949,60,1,1,0,0
950,34,1,1,0,1
951,49,1,1,0,1
952,39,1,1,0,1
953,41,1,1,0,1
954,64,0,1,0,1
955,63,0,1,0,1
956,34,1,1,0,1
957,26,1,0,1,1
958,18,0,1,0,0
959,33,1,0,1,1
960,33,1,1,0,0
961,65,1,0,1,1
962,42,1,0,1,0
963,51,1,1,0,1
964,38,1,0,1,1
965,47,1,1,0,1
966,26,1,0,1,1
967,41,1,1,0,1
968,41,0,1,0,0
969,65,1,0,1,1
970,24,1,1,0,1
971,32,1,0,1,1
972,62,0,1,0,1
973,32,1,1,0,1
974,62,0,1,0,1
975,26,1,0,1,1
976,58,1,1,0,1
977,61,0,0,1,0
978,18,1,1,0,1
979,42,1,1,0,1
980,55,0,0,1,1
981,47,1,0,1,1
982,61,1,1,0,1
983,55,0,1,0,1
984,31,1,1,0,1
985,27,1,1,0,1
986,63,1,1,0,0
987,23,1,0,1,1
988,30,1,1,0,1
989,58,1,0,1,1
990,51,1,1,0,1
991,31,1,0,1,1
992,46,1,0,1,1
993,44,0,1,0,0
994,34,1,1,0,1
995,38,1,0,1,1
996,22,0,1,0,0
997,29,1,1,0,1
998,65,1,0,1,1
999,64,1,0,1,1
1000,35,1,1,0,1
1001,63,1,1,0,1
1002,23,1,1,0,0
1003,38,1,0,1,1
1004,33,1,1,0,1
1005,56,0,0,1,0
1006,29,1,1,0,1
1007,20,1,1,0,1
1008,49,1,0,1,0
1009,57,1,0,1,1
1010,31,1,0,1,0
1011,26,1,1,0,1
1012,53,1,0,1,1
1013,23,1,0,1,1
1014,54,0,1,0,1
1015,51,1,0,1,1
1016,62,1,1,0,1
1017,59,1,0,1,1
1018,18,1,1,0,1
1019,60,0,1,0,0
1020,39,0,1,0,0
1021,22,1,0,1,1
1022,42,1,0,1,1
1023,54,1,1,0,0
1024,39,1,0,1,1
1025,59,0,1,0,1
1026,50,1,1,0,1
1027,20,1,1,0,0
1028,37,1,0,1,1
1029,40,1,1,0,1
1030,29,1,1,0,1
1031,24,1,0,1,1
1032,30,1,1,0,0
1033,58,0,1,0,1
1034,62,0,0,1,1
1035,29,1,1,0,1
1036,26,1,0,1,0
1037,44,1,1,0,1
1038,43,1,0,1,1
1039,61,0,0,1,0
1040,39,1,0,1,1
1041,43,1,1,0,0
1042,65,1,1,0,1
1043,59,1,1,0,1
1044,39,1,1,0,1
1045,43,1,1,0,1
1046,32,1,1,0,1
1047,28,1,1,0,1
1048,39,1,0,1,0
1049,55,0,1,0,0
1050,49,0,1,0,1
1051,52,0,1,0,1
1052,38,1,1,0,1
1053,45,1,1,0,1
1054,29,1,0,1,1
1055,36,1,0,1,0
1056,38,0,1,0,1
1057,65,1,1,0,1
1058,55,0,1,0,0
1059,35,1,1,0,1
1060,54,0,1,0,0
1061,43,1,1,0,1
1062,33,1,0,1,1
1063,46,1,1,0,1
1064,59,1,1,0,1
1065,40,0,1,0,1
1066,64,1,0,1,1
1067,48,0,1,0,0
1068,56,0,0,1,1
1069,65,1,1,0,0
1070,49,1,1,0,1
1071,54,1,1,0,0
1072,62,0,1,0,1
1073,61,1,1,0,1
1074,39,0,0,1,0
1075,57,0,1,0,1
1076,47,1,1,0,1
1077,19,1,1,0,1
1078,40,1,1,0,1
1079,45,1,1,0,1
1080,19,1,0,1,1
1081,64,0,0,1,1
1082,30,1,1,0,0
1083,18,1,0,1,1
1084,51,0,1,0,1
1085,43,1,0,1,1
1086,27,1,1,0,0
1087,53,1,1,0,1
1088,63,0,1,0,0
1089,49,1,0,1,1
1090,25,0,1,0,1
1091,65,1,1,0,1
1092,48,0,1,0,1
1093,24,0,1,0,1
1094,43,1,1,0,1
1095,49,1,0,1,1
1096,38,1,1,0,1
1097,51,1,1,0,1
1098,51,1,0,1,1
1099,57,1,1,0,1
1100,50,1,0,1,0
1101,40,1,1,0,1
1102,53,0,1,0,1
1103,29,1,0,1,1
1104,26,1,0,1,0
1105,35,1,0,1,0
1106,51,1,1,0,0
1107,38,1,1,0,1
1108,51,0,1,0,0
1109,30,1,1,0,0
1110,36,1,1,0,1
1111,32,1,1,0,0
1112,62,1,1,0,1
1113,54,1,0,1,1
1114,34,0,1,0,0
1115,36,1,1,0,0
1116,21,0,1,0,0
1117,30,1,1,0,1
1118,18,0,0,1,1
1119,32,1,1,0,0
1120,62,0,1,0,0
1121,58,1,0,1,0
1122,61,0,1,0,1
1123,58,1,1,0,1
1124,38,1,1,0,0
1125,38,1,1,0,1
1126,22,1,1,0,1
1127,51,1,1,0,0
1128,59,1,0,1,1
1129,35,1,1,0,1
1130,46,1,0,1,1
1131,35,1,1,0,1
1132,64,1,0,1,0
1133,64,1,0,1,1
1134,52,1,0,1,1
1135,42,1,1,0,1
1136,61,1,0,1,1
1137,21,1,0,1,1
1138,26,1,1,0,1
1139,50,1,1,0,0
1140,29,1,0,1,1
1141,57,1,0,1,1
1142,53,1,1,0,0
1143,48,0,1,0,1
1144,59,1,1,0,1
1145,37,1,1,0,1
1146,33,1,1,0,1
1147,64,1,1,0,1
1148,54,0,0,1,1
1149,49,1,0,1,1
1150,63,1,1,0,0
1151,33,1,1,0,0
1152,48,1,1,0,1
1153,24,1,1,0,0
1154,40,1,1,0,0
1155,39,1,1,0,0
1156,21,0,1,0,1
1157,60,1,1,0,1
1158,38,1,0,1,1
1159,38,0,1,0,1
1160,34,1,1,0,0
1161,49,1,0,1,0
1162,64,1,1,0,0
1163,49,1,1,0,0
1164,38,1,0,1,1
1165,34,0,0,1,0
1166,35,0,1,0,0
1167,18,1,0,1,1
1168,18,1,1,0,1
1169,58,1,0,1,1
1170,24,1,0,1,1
1171,60,1,1,0,0
1172,62,0,0,1,1
1173,29,1,1,0,1
1174,23,1,1,0,1
1175,46,1,0,1,1
1176,40,1,1,0,0
1177,32,1,1,0,1
1178,42,0,0,1,1
1179,42,1,1,0,0
1180,62,1,1,0,0
1181,42,1,0,1,0
1182,62,1,0,1,1
1183,18,1,0,1,1
1184,43,1,1,0,0
1185,58,0,1,0,1
1186,56,1,1,0,1
1187,46,1,1,0,1
1188,59,0,1,0,1
1189,37,1,0,1,0
1190,40,0,0,1,0
1191,50,1,0,1,1
1192,30,0,1,0,1
1193,55,0,0,1,0
1194,48,0,0,1,0
1195,25,1,0,1,0
1196,35,1,1,0,1
1197,31,1,0,1,1
1198,36,0,1,0,1
1199,37,1,1,0,0
1200,51,0,0,1,0
1201,22,1,0,1,1
1202,43,0,1,0,1
1203,62,1,1,0,1
1204,46,1,0,1,1
1205,27,0,0,1,0
1206,48,1,1,0,1
1207,62,1,1,0,1
1208,56,1,0,1,1
1209,48,1,1,0,1
1210,34,1,1,0,1
1211,63,1,1,0,0
1212,41,0,0,1,1
1213,33,1,0,1,1
1214,51,1,1,0,1
1215,43,1,1,0,1
1216,63,1,0,1,1
1217,19,0,0,1,0
1218,37,1,0,1,0
1219,26,0,1,0,0
1220,20,1,1,0,1
1221,28,0,0,1,0
1222,32,0,1,0,1
1223,51,1,1,0,0
1224,48,1,0,1,1
1225,58,0,0,1,1
1226,49,1,1,0,0
1227,50,0,0,1,1
1228,24,0,1,0,0
1229,52,1,1,0,1
1230,34,1,0,1,0
1231,47,1,1,0,0
1232,58,1,1,0,1
1233,62,1,0,1,1
1234,58,1,1,0,1
1235,22,1,0,1,1
1236,29,1,0,1,1
1237,59,1,0,1,1
1238,33,1,1,0,0
1239,22,1,0,1,1
1240,38,1,1,0,0
1241,26,1,0,1,0
1242,30,0,0,1,0
1243,27,1,1,0,1
1244,61,1,1,0,1
1245,49,1,1,0,1
1246,32,1,0,1,0
1247,31,0,1,0,1
1248,65,0,0,1,0
1249,34,0,0,1,0
1250,22,1,1,0,1
1251,52,1,1,0,1
1252,28,1,1,0,1
1253,29,1,1,0,0
1254,63,1,1,0,1
1255,32,1,0,1,0
1256,58,1,1,0,1
1257,24,0,0,1,0
1258,41,1,0,1,0
1259,25,1,1,0,0
1260,51,1,1,0,0
1261,33,1,1,0,1
1262,59,1,1,0,1
1263,64,1,0,1,0
1264,30,1,0,1,1
1265,45,1,0,1,1
1266,58,1,1,0,0
1267,36,0,1,0,0
1268,57,1,0,1,1
1269,56,1,1,1,1
1270,52,0,1,0,0
1271,57,1,1,0,1
1272,44,0,0,1,1
1273,22,1,0,1,1
1274,51,1,0,1,0
1275,56,1,0,1,1
1276,24,1,1,0,1
1277,44,1,0,1,1
1278,35,0,0,1,0
1279,50,1,1,0,1
1280,35,1,0,1,0
1281,28,1,0,1,1
1282,30,1,1,0,0
1283,25,1,1,0,1
1284,27,1,0,1,0
1285,39,1,1,0,1
1286,25,1,0,1,0
1287,64,1,0,1,1
1288,53,1,1,0,1
1289,22,0,1,0,1
1290,58,1,1,0,1
1291,47,1,0,1,1
1292,29,1,1,0,1
1293,41,1,0,1,1
1294,18,1,1,0,1
1295,56,0,0,1,1
1296,34,1,0,1,1
1297,44,1,0,1,1
1298,55,1,0,1,1
1299,44,1,1,0,0
1300,37,1,0,1,1
1301,27,1,0,1,1
1302,58,1,1,0,1
1303,65,1,0,1,1
1304,42,1,1,0,1
1305,38,1,1,0,1
1306,34,1,0,1,1
1307,34,1,0,1,0
1308,29,1,1,0,1
1309,59,1,1,0,1
1310,24,1,1,0,1
1311,58,1,0,1,1
1312,44,1,0,1,1
1313,39,1,0,1,1
1314,34,1,1,0,1
1315,22,1,0,1,1
1316,57,0,1,0,0
1317,62,1,1,0,0
1318,29,1,0,1,1
1319,35,0,0,1,1
1320,20,1,0,1,1
1321,32,1,1,0,1
1322,49,0,1,0,0
1323,23,1,0,1,0
1324,34,0,1,0,0
1325,53,1,1,0,1
1326,63,1,1,0,1
1327,37,1,1,0,1
1328,41,1,1,0,1
1329,19,0,0,1,1
1330,47,1,0,1,1
1331,36,0,1,0,1
1332,53,1,1,0,1
1333,24,1,0,1,1
1334,50,1,0,1,1
1335,57,1,1,0,0
1336,41,1,1,0,1
1337,25,1,0,1,1
1338,56,1,1,0,1
1339,56,1,1,0,1
1340,26,1,1,0,1
1341,51,1,1,0,1
1342,42,0,1,0,0
1343,43,1,1,0,1
1344,24,0,0,1,1
1345,54,1,1,0,1
1346,33,0,1,0,1
1347,36,1,1,0,1
1348,28,1,1,0,0
1349,36,1,1,0,0
1350,31,1,0,1,1
1351,61,1,0,1,1
1352,36,1,0,1,0
1353,30,1,0,1,1
1354,35,1,0,1,1
1355,29,1,0,1,0
1356,35,0,0,1,1
1357,49,1,0,1,1
1358,23,1,0,1,1
1359,29,1,1,0,0
1360,65,1,1,0,0
1361,51,1,0,1,0
1362,40,1,1,0,1
1363,65,0,1,0,1
1364,56,1,0,1,1
1365,37,1,1,0,1
1366,34,1,1,0,1
1367,55,0,0,1,1
1368,55,0,0,1,0
1369,40,1,0,1,1
1370,31,1,0,1,1
1371,22,1,1,0,0
1372,61,1,1,0,0
1373,41,1,1,0,1
1374,56,1,1,0,1
1375,54,1,1,0,1
1376,51,1,1,0,1
1377,31,1,0,1,0
1378,39,1,0,1,1
1379,31,1,1,0,1
1380,40,1,1,0,1
1381,26,1,0,1,0
1382,55,1,1,0,1
1383,19,1,1,0,0
1384,18,0,1,0,1
1385,64,1,1,0,1
1386,41,1,1,0,1
1387,19,1,0,1,1
1388,60,1,1,0,1
1389,28,1,0,1,1
1390,48,1,1,0,0
1391,26,1,1,0,1
1392,53,1,1,0,1
1393,56,1,1,0,0
1394,44,0,1,0,1
1395,53,1,0,1,0
1396,42,1,0,1,1
1397,54,1,1,0,1
1398,51,1,1,0,1
1399,55,1,1,0,1
1400,24,1,0,1,0
1401,53,1,1,0,1
1402,44,1,0,1,0
1403,35,1,1,0,0
1404,50,0,1,0,1
1405,45,1,0,1,0
1406,33,1,0,1,0
1407,45,1,0,1,0
1408,61,1,1,0,1
1409,59,1,0,1,1
1410,42,1,1,0,1
1411,38,1,0,1,1
1412,23,0,1,0,1
1413,50,1,0,1,1
1414,44,0,1,0,1
1415,23,1,1,0,1
1416,45,1,1,0,0
1417,43,1,0,1,1
1418,59,1,1,0,1
1419,28,1,1,0,1
1420,43,1,1,0,0
1421,51,1,1,0,1
1422,37,1,1,0,0
1423,60,1,1,0,0
1424,41,1,1,0,1
1425,26,1,0,1,1
1426,55,1,0,1,1
1427,35,1,0,1,1
1428,41,1,1,0,0
1429,50,1,1,0,0
1430,20,1,0,1,0
1431,22,1,1,0,1
1432,43,0,0,1,1
1433,65,1,1,0,0
1434,53,1,1,0,1
1435,18,1,1,0,1
1436,24,1,1,0,1
1437,59,1,1,0,1
1438,55,0,0,1,1
1439,52,1,1,0,0
1440,24,0,0,1,1
1441,59,1,1,0,1
1442,22,1,1,0,1
1443,33,1,1,0,0
1444,42,1,1,0,1
1445,51,1,1,0,1
1446,65,1,1,0,1
1447,40,1,1,0,1
1448,44,1,0,1,0
1449,23,0,1,0,1
1450,21,1,1,0,1
1451,50,1,0,1,1
1452,21,1,0,1,1
1453,27,1,0,1,1
1454,36,1,1,0,1
1455,43,1,1,0,1
1456,36,1,0,1,1
1457,53,1,0,1,0
1458,35,1,0,1,0
1459,24,1,1,0,1
1460,32,1,0,1,1
1461,29,1,0,1,1
1462,50,1,0,1,0
1463,22,1,1,0,0
1464,51,1,1,0,1
1465,40,0,0,1,1
1466,40,1,1,0,1
1467,28,1,0,1,1
1468,41,1,0,1,1
1469,54,0,1,0,1
1470,54,1,0,1,1
1471,55,1,1,0,1
1472,37,1,1,0,1
1473,55,0,1,0,1
1474,23,1,0,1,1
1475,30,1,1,0,0
1476,33,1,0,1,1
1477,62,0,1,0,1
1478,42,1,1,0,1
1479,53,1,1,0,1
1480,38,1,1,0,1
1481,46,1,1,0,1
1482,22,0,0,1,0
1483,40,1,0,1,1
1484,63,1,1,0,1
1485,24,1,1,0,0
1486,27,1,1,0,1
1487,25,1,1,0,1
1488,63,0,1,0,1
1489,42,1,1,0,0
1490,45,1,0,1,1
1491,42,1,0,1,1
1492,23,1,1,0,1
1493,23,1,1,0,0
1494,32,1,0,1,0
1495,22,1,0,1,0
1496,38,1,1,0,1
1497,49,1,0,1,1
1498,46,1,1,0,1
1499,61,1,0,1,1
1500,56,1,1,0,1
1501,44,1,1,0,0
1502,51,1,0,1,1
1503,22,1,1,0,0
1504,27,0,1,0,0
1505,36,1,0,1,1
1506,28,1,0,1,1
1507,47,1,0,1,1
1508,20,0,0,1,0
1509,44,1,1,0,1
1510,36,1,1,0,0
1511,43,1,0,1,1
1512,31,0,1,0,0
1513,39,1,1,0,1
1514,41,1,0,1,0
1515,53,1,0,1,1
1516,57,1,0,1,0
1517,23,1,0,1,1
1518,19,1,1,0,1
1519,28,1,0,1,1
1520,42,1,0,1,0
1521,51,1,0,1,0
1522,35,0,1,0,1
1523,20,1,1,0,0
1524,36,0,1,0,1
1525,19,1,1,0,1
1526,33,0,0,1,0
1527,54,1,0,1,1
1528,47,1,0,1,0
1529,20,1,1,0,1
1530,47,1,0,1,0
1531,38,1,1,0,1
1532,48,1,1,0,1
1533,55,1,1,0,0
1534,50,1,1,0,1
1535,27,1,0,1,1
1536,23,1,1,0,1
1537,26,1,1,0,0
1538,35,1,1,0,1
1539,45,0,0,1,1
1540,20,1,0,1,1
1541,63,1,1,0,1
1542,30,1,1,0,0
1543,24,1,0,1,0
1544,54,1,1,0,1
1545,29,1,1,0,1
1546,47,1,1,0,1
1547,24,1,1,0,0
1548,32,1,1,0,1
1549,65,1,1,0,1
1550,63,1,1,0,1
1551,18,0,1,0,1
1552,38,1,1,0,1
1553,22,1,0,1,1
1554,30,1,0,1,1
1555,22,1,0,1,1
1556,58,1,1,0,1
1557,54,1,1,0,1
1558,58,1,1,0,1
1559,53,0,1,0,1
1560,25,1,0,1,1
1561,23,1,0,1,0
1562,52,1,1,0,1
1563,45,1,1,0,0
1564,47,1,1,0,0
1565,24,1,1,0,1
1566,60,1,0,1,1
1567,26,1,0,1,1
1568,62,1,0,1,0
1569,48,1,1,0,0
1570,60,1,1,0,0
1571,41,1,1,0,1
1572,55,1,0,1,1
1573,53,1,1,0,1
1574,51,1,1,0,0
1575,31,1,0,1,1
1576,33,1,0,1,1
1577,64,1,1,0,0
1578,41,1,0,1,1
1579,39,1,1,0,1
1580,53,1,0,1,0
1581,61,1,1,0,0
1582,35,0,1,0,0
1583,39,1,1,0,1
1584,33,1,0,1,1
1585,45,1,0,1,1
1586,57,1,0,1,1
1587,41,1,1,0,1
1588,52,0,1,0,1
1589,45,1,0,1,1
1590,60,1,1,0,1
1591,56,0,0,1,0
1592,46,1,1,0,0
1593,43,0,1,0,1
1594,21,1,0,1,0
1595,62,1,0,1,1
1596,31,1,1,0,1
1597,23,0,1,0,1
1598,38,1,1,0,1
1599,29,1,0,1,1
1600,40,1,1,0,1
1601,52,1,1,0,0
1602,61,1,1,0,1
1603,51,1,1,0,1
1604,27,1,0,1,1
1605,61,0,0,1,1
1606,38,1,1,0,1
1607,38,1,1,0,1
1608,54,1,0,1,0
1609,53,1,0,1,1
1610,50,1,0,1,1
1611,58,1,1,0,1
1612,53,1,1,0,0
1613,44,0,1,0,0
1614,31,1,1,0,1
1615,36,1,0,1,1
1616,49,0,1,0,1
1617,51,1,1,0,1
1618,34,1,1,0,1
1619,32,1,1,0,0
1620,19,1,1,0,0
1621,23,0,0,1,1
1622,28,1,1,0,0
1623,50,1,0,1,1
1624,50,0,1,0,1
1625,31,1,0,1,1
1626,27,1,1,0,0
1627,18,1,1,0,1
1628,26,1,1,0,1
1629,37,1,1,0,0
1630,40,0,1,0,0
1631,23,0,1,0,1
1632,22,1,1,0,0
1633,54,0,1,0,1
1634,57,1,1,0,1
1635,48,1,0,1,0
1636,27,0,0,1,1
1637,62,1,0,1,1
1638,51,0,0,1,1
1639,56,1,0,1,0
1640,38,0,0,1,1
1641,23,1,0,1,0
1642,23,1,0,1,0
1643,61,1,1,0,1
1644,58,1,1,0,1
1645,59,1,0,1,1
1646,44,1,0,1,1
1647,35,1,1,0,1
1648,64,0,1,0,1
1649,56,1,0,1,0
1650,19,1,0,1,1
1651,29,1,0,1,1
1652,39,1,0,1,1
1653,57,1,0,1,1
1654,40,1,1,0,1
1655,31,1,1,0,1
1656,26,1,1,0,1
1657,19,1,0,1,1
1658,35,0,1,0,1
1659,37,1,0,1,1
1660,65,1,1,0,1
1661,20,1,1,0,1
1662,52,1,1,0,1
1663,64,1,1,0,1
1664,29,1,0,1,1
1665,59,1,0,1,0
1666,65,1,0,1,1
1667,58,1,1,0,1
1668,65,1,0,1,0
1669,37,1,1,0,0
1670,37,0,1,0,0
1671,37,1,1,0,1
1672,52,1,1,0,1
1673,44,1,1,0,0
1674,65,0,0,1,0
1675,51,0,0,1,1
1676,20,0,0,1,1
1677,36,1,1,0,1
1678,32,0,1,0,1
1679,29,1,0,1,0
1680,59,1,1,0,1
1681,44,0,0,1,1
1682,61,1,0,1,0
1683,55,1,0,1,1
1684,65,1,1,0,1
1685,35,1,1,0,1
1686,35,0,1,0,1
1687,39,1,1,0,1
1688,49,0,1,0,1
1689,34,1,1,0,1
1690,37,1,1,0,0
1691,46,1,1,0,1
1692,46,1,0,1,1
1693,27,1,0,1,0
1694,58,1,1,0,1
1695,40,1,1,0,1
1696,34,1,1,0,1
1697,25,1,1,0,1
1698,45,1,1,0,1
1699,59,1,0,1,1
1700,27,0,1,0,1
1701,39,1,1,0,1
1702,39,0,1,0,1
1703,64,1,1,0,1
1704,24,0,1,0,0
1705,32,1,1,0,1
1706,38,1,0,1,0
1707,56,1,1,0,1
1708,40,1,0,1,1
1709,35,1,0,1,0
1710,36,1,0,1,1
1711,42,1,1,0,0
1712,47,1,1,0,1
1713,33,1,0,1,0
1714,65,1,0,1,1
1715,42,1,1,0,1
1716,37,0,0,1,1
1717,31,1,0,1,1
1718,24,0,1,0,1
1719,29,1,1,0,1
1720,42,1,0,1,0
1721,44,1,0,1,1
1722,63,1,0,1,1
1723,55,1,1,0,1
1724,58,1,1,0,1
1725,21,1,1,0,1
1726,41,1,1,0,1
1727,28,1,1,0,1
1728,36,0,1,0,1
1729,31,1,0,1,0
1730,35,1,0,1,1
1731,23,1,1,0,1
1732,58,0,1,0,0
1733,40,1,1,0,1
1734,55,1,1,0,1
1735,43,0,0,1,1
1736,53,0,0,1,0
1737,35,1,1,0,1
1738,61,1,1,0,1
1739,43,0,1,0,1
1740,34,1,1,0,1
1741,36,1,1,0,1
1742,63,1,1,0,0
1743,56,1,0,1,1
1744,47,1,0,1,0
1745,45,1,1,0,0
1746,45,1,0,1,1
1747,47,1,1,0,1
1748,55,1,1,0,1
1749,43,1,0,1,1
1750,35,0,1,0,0
1751,23,1,1,0,0
1752,64,0,1,0,1
1753,35,1,0,1,0
1754,38,1,0,1,0
1755,46,1,0,1,0
1756,43,1,0,1,1
1757,63,0,0,1,1
1758,51,0,1,0,1
1759,42,1,0,1,0
1760,49,1,0,1,1
1761,63,1,1,0,1
1762,37,1,1,0,1
1763,20,0,0,1,1
1764,28,1,1,0,0
1765,27,1,1,0,0
1766,29,1,1,0,0
1767,20,1,1,0,1
1768,40,1,0,1,1
1769,19,1,1,0,1
1770,48,1,0,1,0
1771,43,1,0,1,1
1772,26,1,1,0,1
1773,54,1,0,1,1
1774,32,1,0,1,1
1775,33,1,1,0,0
1776,20,0,1,0,1
1777,35,1,1,0,1
1778,33,0,1,0,1
1779,24,1,1,0,0
1780,34,1,0,1,0
1781,22,1,0,1,1
1782,31,1,0,1,0
1783,56,1,1,0,1
1784,57,1,0,1,1
1785,40,0,0,1,1
1786,52,0,1,0,1
1787,25,1,0,1,1
1788,37,1,0,1,1
1789,48,1,1,0,1
1790,21,1,0,1,1
1791,46,1,1,0,1
1792,48,1,1,0,0
1793,60,0,0,1,0
1794,29,1,1,0,0
1795,26,1,0,1,0
1796,57,0,1,0,1
1797,52,1,1,0,0
1798,54,1,1,0,0
1799,60,0,1,0,1
1800,61,0,0,1,1
1801,33,0,0,1,1
1802,39,1,1,0,1
1803,22,1,1,0,1
1804,33,1,0,1,0
1805,37,1,1,0,1
1806,31,1,1,0,1
1807,25,1,1,0,1
1808,29,1,1,0,0
1809,48,1,1,0,1
1810,64,1,1,0,1
1811,35,1,0,1,1
1812,24,1,1,0,1
1813,47,1,1,0,1
1814,63,1,0,1,1
1815,25,1,0,1,1
1816,37,0,0,1,1
1817,63,1,1,0,1
1818,37,1,1,0,1
1819,36,1,0,1,1
1820,24,1,1,0,0
1821,44,1,1,0,1
1822,27,1,0,1,0
1823,65,1,1,0,1
1824,23,1,1,0,0
1825,22,1,0,1,0
1826,53,1,1,0,1
1827,50,1,0,1,1
1828,44,0,0,1,1
1829,50,0,0,1,1
1830,22,0,1,0,0
1831,49,1,1,0,0
1832,50,1,1,0,1
1833,58,1,1,0,1
1834,30,1,1,0,1
1835,28,1,0,1,1
1836,28,1,0,1,1
1837,41,1,0,1,1
1838,43,1,0,1,1
1839,46,1,0,1,1
1840,33,1,0,1,1
1841,50,1,0,1,1
1842,57,1,0,1,1
1843,32,0,1,0,0
1844,56,1,0,1,1
1845,25,1,0,1,1
1846,25,1,1,0,1
1847,52,1,0,1,0
1848,59,1,0,1,1
1849,27,1,0,1,1
1850,37,1,0,1,0
1851,49,1,0,1,0
1852,51,1,1,0,1
1853,21,1,1,0,1
1854,39,1,1,0,0
1855,55,1,0,1,0
1856,48,0,1,0,1
1857,48,1,0,1,1
1858,64,1,1,0,0
1859,35,1,0,1,0
1860,50,1,0,1,1
1861,44,1,1,0,1
1862,58,1,1,0,0
1863,49,1,1,0,1
1864,23,1,0,1,1
1865,18,1,0,1,1
1866,51,1,1,0,1
1867,37,1,0,1,0
1868,26,1,1,0,1
1869,54,0,0,1,1
1870,57,1,1,0,1
1871,58,1,0,1,1
1872,53,1,1,0,1
1873,58,1,1,0,0
1874,45,1,1,0,1
1875,26,1,0,1,1
1876,60,1,0,1,1
1877,21,1,0,1,1
1878,48,1,1,0,1
1879,35,1,1,0,0
1880,61,1,0,1,1
1881,56,1,1,0,1
1882,42,0,1,0,0
1883,53,0,0,1,1
1884,27,1,1,0,1
1885,41,1,0,1,1
1886,50,1,1,0,1
1887,40,0,0,1,0
1888,23,1,1,0,0
1889,61,1,0,1,1
1890,23,0,1,0,0
1891,41,0,1,0,1
1892,27,0,0,1,0
1893,26,0,0,1,0
1894,25,1,1,0,0
1895,57,1,1,0,1
1896,31,0,1,0,0
1897,59,1,0,1,0
1898,46,1,0,1,1
1899,20,1,0,1,1
1900,47,1,0,1,1
1901,43,0,1,0,1
1902,31,1,0,0,0
1903,63,1,0,1,0
1904,53,1,0,1,1
1905,65,1,1,0,0
1906,63,1,1,0,1
1907,23,1,1,0,0
1908,57,1,1,0,1
1909,41,1,1,0,0
1910,23,0,0,1,1
1911,37,1,1,0,1
1912,24,1,0,1,1
1913,51,1,0,1,1
1914,41,0,1,0,1
1915,58,1,1,0,1
1916,23,1,1,0,1
1917,64,1,1,0,0
1918,32,1,1,0,1
1919,34,1,1,0,0
1920,26,1,1,0,1
1921,44,0,1,0,1
1922,62,1,0,1,1
1923,39,1,1,0,0
1924,48,0,1,0,1
1925,28,1,0,1,1
1926,65,1,0,1,1
1927,22,1,0,1,1
1928,60,1,1,0,1
1929,56,1,0,1,1
1930,41,1,1,0,1
1931,21,1,1,0,1
1932,64,1,1,0,1
1933,52,0,0,1,1
1934,48,1,1,0,1
1935,42,1,1,0,1
1936,46,1,0,1,0
1937,37,1,1,0,1
1938,43,1,1,0,1
1939,43,1,0,1,1
1940,49,1,1,0,1
1941,63,0,1,0,1
1942,36,1,1,0,0
1943,28,1,0,1,1
1944,29,1,1,0,0
1945,24,0,1,0,1
1946,27,1,1,0,0
1947,27,1,0,1,1
1948,31,1,0,1,1
1949,44,1,1,0,0
1950,38,1,0,1,1
1951,23,1,1,0,1
1952,61,1,1,0,1
1953,57,1,0,1,0
1954,53,1,0,1,1
1955,54,0,1,0,0
1956,52,1,0,1,0
1957,55,1,0,1,1
1958,26,0,1,0,1
1959,56,1,0,1,0
1960,21,1,0,1,0
1961,61,1,0,1,1
1962,49,1,1,0,0
1963,50,1,1,0,1
1964,36,0,1,0,0
1965,54,1,1,0,1
1966,35,1,1,0,1
1967,37,1,0,1,0
1968,48,1,0,1,0
1969,51,1,1,0,1
1970,24,1,1,0,0
1971,56,1,0,1,1
1972,60,1,0,1,1
1973,47,1,1,0,1
1974,42,1,1,0,1
1975,45,1,1,0,1
1976,65,1,0,1,1
1977,61,1,1,0,0
1978,46,1,1,0,1
1979,64,1,0,1,0
1980,53,1,1,0,0
1981,26,1,0,1,1
1982,40,1,1,0,0
1983,24,1,0,1,1
1984,61,0,1,0,1
1985,48,1,0,1,1
1986,58,0,1,0,1
1987,62,1,1,0,1
1988,55,1,1,0,1
1989,31,1,0,1,1
1990,62,0,1,0,0
1991,30,1,1,0,1
1992,37,1,1,0,0
1993,42,1,1,0,1
1994,49,1,1,0,1
1995,39,1,0,1,0
1996,62,1,1,0,1
1997,60,1,0,1,0
1998,61,1,1,0,1
1999,56,1,1,0,1
2000,32,1,1,0,0
2001,49,1,1,0,0
2002,51,1,0,1,0
2003,27,0,0,1,0
2004,27,1,0,1,1
2005,61,1,1,0,0
2006,26,1,1,0,0
2007,33,1,0,1,1
2008,22,1,1,0,1
2009,28,1,0,1,0
2010,55,0,1,0,0
2011,37,1,1,0,1
2012,31,0,0,1,1
2013,40,1,1,0,1
2014,20,1,0,1,0
2015,37,0,0,1,1
2016,58,1,1,0,0
2017,56,1,1,0,1
2018,64,1,1,0,0
2019,23,1,1,0,1
2020,48,1,1,0,1
2021,22,1,0,1,1
2022,33,1,0,1,0
2023,21,1,1,0,0
2024,45,1,0,1,1
2025,51,0,0,1,0
2026,44,1,0,1,1
2027,60,1,1,0,1
2028,45,1,1,0,1
2029,48,1,1,0,1
2030,49,1,1,0,0
2031,51,0,0,1,1
2032,64,0,1,0,1
2033,46,1,0,1,1
2034,51,1,1,0,0
2035,49,1,1,0,0
2036,32,0,1,0,0
2037,64,1,1,0,1
2038,37,1,1,0,0
2039,29,1,1,0,1
2040,21,1,1,0,0
2041,33,1,0,1,1
2042,26,1,0,1,0
2043,44,1,0,1,1
2044,60,1,0,1,0
2045,52,0,0,1,0
2046,40,1,1,0,1
2047,21,0,1,0,1
2048,57,1,1,0,1
2049,51,1,0,1,0
2050,19,1,0,1,1
2051,23,1,0,1,1
2052,45,0,0,1,1
2053,65,1,0,1,0
2054,33,1,0,1,0
2055,37,1,0,1,1
2056,20,1,1,0,1
2057,62,0,0,1,0
2058,21,1,1,0,1
2059,56,1,0,1,1
2060,42,1,1,0,1
2061,44,1,0,1,1
2062,30,1,1,0,0
2063,24,1,1,0,0