website,socialmedia,contact,wage,branch,INTEREST
4,3,1,12765,2,1
2,3,1,3995,2,1
3,1,3,11971,2,0
2,1,2,10729,1,0
2,2,2,7307,1,1
4,2,3,8636,1,0
1,2,1,4908,2,0
1,3,2,9990,2,0
4,2,3,9631,2,1
4,1,2,3341,2,1
1,2,3,7748,1,1
1,2,1,4003,2,0
3,1,2,6838,1,1
1,2,1,9568,1,0
4,3,1,6904,2,1
2,1,3,12319,2,0
2,3,1,5522,1,0
1,1,3,13074,1,1
4,1,3,9398,2,1
3,1,2,9362,2,1
2,1,2,4682,1,0
3,3,2,4960,1,1
3,1,1,14151,1,0
3,3,3,12779,1,1
4,1,2,11456,2,1
2,1,1,7476,1,0
1,1,2,11028,2,0
1,2,1,12298,2,1
2,3,1,7002,2,1
2,2,2,5283,1,1
1,3,1,8199,2,1
1,3,2,4975,1,1
2,1,2,12668,2,1
2,1,3,11575,1,0
1,3,2,8425,2,1
1,3,2,8121,2,0
2,1,1,13878,2,0
1,2,3,7621,1,1
1,1,2,6283,1,0
3,3,2,6655,1,0
4,3,3,11597,2,1
1,1,1,12326,1,0
2,2,1,7671,2,1
3,2,1,3173,2,1
3,3,2,6276,1,0
4,2,2,7934,2,1
2,3,1,12117,2,0
2,1,1,5027,2,0
3,3,3,8930,1,1
1,3,3,13389,1,0
1,1,1,11512,1,1
3,2,2,9359,2,1
3,2,2,11057,2,1
3,2,1,4637,1,1
4,2,2,3520,1,1
2,3,2,3658,2,1
4,1,2,11875,1,0
1,3,1,10989,2,0
1,2,3,13872,2,0
2,1,1,11319,1,1
1,2,2,3931,1,0
4,3,3,3516,1,0
1,2,1,13699,2,0
2,3,3,5034,2,0
2,2,3,8180,2,1
3,1,2,12517,1,0
4,3,3,3156,2,1
2,2,3,13078,2,0
1,3,1,3461,1,1
4,3,3,7651,1,0
1,3,1,4214,2,0
2,3,1,8787,2,1
3,3,2,7756,2,1
3,2,2,7476,2,0
3,2,2,6426,1,1
3,3,2,14546,1,1
3,3,2,14413,1,0
4,2,2,3812,2,1
3,1,3,13867,1,0
4,3,1,6505,2,0
3,2,2,12252,1,0
3,3,3,8129,2,1
2,3,3,5529,1,0
2,1,1,9492,2,1
1,3,2,7947,1,0
2,3,3,11953,2,1
2,2,1,11892,2,0
3,1,1,7923,2,0
1,1,2,3147,1,0
1,3,1,7773,1,0
2,1,3,5806,2,1
1,1,2,9163,2,0
1,1,2,13646,2,1
1,3,3,13507,2,0
2,1,1,9581,1,0
1,2,3,3454,2,0
4,3,1,12807,1,1
4,1,2,8250,1,0
1,2,3,5678,1,0
4,3,1,10947,2,1
2,1,3,4517,2,0
1,1,1,6668,2,1
4,3,1,5420,2,0
3,3,1,4781,1,0
1,2,2,8886,2,0
3,2,3,6329,2,0
4,3,1,12070,2,0
1,2,3,10517,1,1
3,2,1,6899,1,1
4,2,2,3882,1,0
4,2,3,13603,2,1
4,3,1,7664,1,0
3,2,1,9164,1,1
1,1,3,6000,2,0
4,1,2,13802,2,0
2,3,1,5560,2,0
3,2,2,10551,1,1
2,1,1,14103,1,1
3,1,2,4295,2,0
4,1,1,6353,1,1
1,2,3,6824,1,0
4,3,1,12699,2,0
2,2,1,6271,2,1
1,2,2,3110,1,0
2,3,3,11723,1,1
4,1,2,6323,2,0
4,1,3,9642,1,0
1,1,3,7325,2,1
4,3,3,6214,1,1
2,2,1,12385,1,0
3,1,3,3868,2,1
2,2,2,9640,1,1
4,1,3,5659,2,1
4,2,1,10467,2,0
4,3,3,5747,1,1
3,2,3,12106,1,1
1,3,2,10974,1,0
2,1,3,5134,2,1
2,2,2,14776,1,1
1,3,3,10988,1,0
1,1,3,6236,1,0
1,1,2,11820,2,1
1,3,2,12935,2,0
4,3,2,10988,2,0
2,2,3,11396,2,0
3,2,1,13665,1,0
3,3,3,7627,1,1
3,2,1,11856,1,1
4,3,3,6779,1,0
2,2,3,11844,1,0
4,3,2,9392,1,1
2,2,2,11433,2,0
3,1,3,4344,1,1
2,2,1,10356,2,1
4,3,1,3875,2,0
1,2,3,14592,1,1
2,1,2,8127,2,1
2,3,2,3264,2,0
2,3,2,8923,1,0
2,1,1,8277,2,1
1,3,1,14647,1,1
4,2,1,11142,2,0
4,3,2,7084,2,0
2,2,2,7252,1,1
3,3,2,7224,2,0
2,1,3,13780,1,1
3,3,2,6658,1,1
2,2,2,14867,1,0
3,2,1,9452,1,0
3,3,2,11497,2,0
1,3,3,11566,2,1
3,2,1,11269,2,1
1,2,1,8802,2,0
3,2,3,7739,1,0
4,3,3,7411,2,1
4,1,3,10373,1,1
2,3,3,7872,2,1
1,2,2,9280,1,0
1,3,3,6980,1,0
1,2,2,10917,2,1
2,2,3,3199,1,1
3,1,1,3590,2,1
4,1,3,7136,1,0
2,2,3,6254,1,0
4,3,2,7224,2,1
3,2,1,14957,1,0
3,1,1,6015,2,0
2,1,3,11992,1,1
1,3,1,7875,1,0
1,3,2,4065,1,0
4,3,2,13204,2,0
4,1,3,8088,2,1
2,3,1,4487,2,1
1,2,1,4879,2,0
1,3,1,7933,2,0
3,1,1,9916,1,0
3,2,3,6830,2,1
2,2,3,3615,2,0
1,3,1,3686,2,0
4,2,3,6892,1,0
3,3,3,11739,1,0
2,1,3,13639,1,0
2,3,2,14463,1,0
4,3,1,11930,2,0
1,2,2,7975,1,0
1,2,2,3702,2,1
2,2,1,11717,2,1
3,3,1,5511,2,1
1,2,3,11355,2,0
2,3,1,10206,1,1
2,1,3,11882,1,1
4,2,1,11999,2,0
4,2,3,6026,2,0
1,2,3,11357,1,1
1,3,1,6593,2,1
3,1,2,3116,2,1
3,2,3,4183,2,1
3,1,2,7854,2,1
2,2,2,6887,1,0
1,3,3,5903,2,1
4,2,1,10565,1,0
2,2,2,7909,1,1
1,3,1,13586,1,0
4,1,3,7368,2,1
4,2,1,12099,1,1
4,3,2,12893,1,0
4,1,1,6362,1,0
1,1,2,7432,2,1
2,3,1,6876,2,1
1,1,2,6812,1,0
2,3,2,5047,2,1
2,1,3,11240,1,0
2,2,2,4252,2,0
4,3,3,13143,1,1
1,3,1,12953,2,1
3,3,3,8006,1,1
1,3,2,13850,2,1
1,2,2,13889,2,1
2,1,1,14474,2,0
2,1,2,14521,1,1
2,3,3,13576,2,1
2,3,3,12009,2,0
3,1,1,11406,1,0
3,2,1,7161,2,0
3,3,2,4265,1,1
2,1,2,4606,2,1
4,1,2,12269,1,1
2,3,1,11374,2,0
1,1,2,12389,1,0
2,2,2,11447,2,0
3,3,2,11033,2,1
3,3,1,4888,2,0
2,1,3,7577,1,1
2,1,3,3285,1,0
1,2,1,3833,1,0
2,3,1,13362,1,0
2,3,2,8590,2,1
1,2,1,3143,2,0
3,2,1,13277,1,0
1,2,3,11259,2,1
2,3,3,7116,2,0
4,1,2,12805,1,0
1,2,3,9848,2,1
4,1,2,9685,2,0
3,2,2,9986,1,0
2,2,3,10644,2,0
4,2,2,7926,1,0
3,2,3,7569,1,0
2,2,2,8589,2,1
3,1,2,6331,1,0
2,2,3,3986,1,0
1,3,1,8603,2,0
3,3,1,14582,1,0
3,3,1,9843,2,0
1,1,3,9066,1,0
3,1,2,8188,2,1
1,1,2,12633,1,1
1,3,1,8671,2,1
1,3,2,6923,1,1
3,2,1,13892,2,0
2,3,2,9122,1,1
1,2,2,12220,2,0
4,2,1,13303,1,1
1,1,3,6739,2,1
1,1,3,11354,1,0
3,3,3,8036,1,1
2,2,3,13611,1,1
1,1,2,12759,2,1
1,2,2,4762,1,0
2,3,2,9112,1,1
4,1,2,12466,1,0
1,3,3,12335,2,0
2,3,2,11905,2,1
2,3,1,10864,2,1
4,3,3,10175,1,1
4,3,3,4770,1,1
1,3,3,8411,2,0
4,1,3,14342,2,0
2,2,1,8507,1,0
2,3,1,11775,1,0
3,1,3,3026,1,0
3,1,1,4529,2,0
2,1,3,9321,1,1
1,2,3,11308,2,0
2,3,2,3023,2,0
2,1,1,10817,2,0
3,1,3,9441,2,0
2,1,1,9538,1,1
3,1,2,13811,1,0
3,1,2,6014,1,1
4,3,2,11192,1,1
2,2,3,8231,2,1
1,1,2,14422,2,0
4,2,2,4208,2,1
4,2,1,4105,2,1
1,2,1,11833,1,0
3,3,3,9782,1,1
3,1,1,7343,1,0
1,1,2,14244,2,0
2,3,3,7503,2,0
2,3,3,5483,1,1
1,1,3,6829,2,0
3,2,3,6579,1,0
4,3,1,7419,1,1
1,1,1,11058,2,1
1,2,2,11952,2,0
2,2,1,8132,1,1
4,1,2,10686,1,1
3,3,2,14640,1,1
2,3,2,10002,2,1
2,1,1,6220,2,1
1,2,2,5521,1,0
1,1,2,3521,2,0
3,2,1,9423,2,0
1,3,3,4309,1,1
3,3,1,14378,2,1
4,2,3,8648,2,1
3,2,2,9013,2,0
2,3,2,12365,1,0
4,3,3,13952,1,1
1,3,2,11640,1,0
4,1,1,5643,1,0
1,3,2,7063,1,0
4,1,3,8759,1,1
1,2,1,14477,1,0
1,3,2,11297,1,0
2,2,3,10863,1,0
2,1,3,7656,1,0
4,1,1,5534,2,1
2,3,2,6347,2,1
3,3,1,14387,1,1
2,3,2,8932,1,0
4,3,1,14248,1,1
4,3,3,7190,1,0
1,2,3,3606,2,0
4,3,1,10814,2,1
3,2,1,14871,1,1
4,2,3,3596,1,1
2,3,3,10226,2,0
3,2,1,12215,1,1
1,1,2,12429,1,0
1,1,2,3596,1,0
2,1,3,11965,2,1
3,3,2,9682,2,0
1,2,1,7403,1,1
3,2,3,12743,1,1
1,3,2,6350,1,1
1,1,3,6558,1,0
4,1,2,3262,2,1
2,2,3,12278,2,0
2,1,3,14071,1,1
3,2,2,4841,1,0
4,3,3,14905,1,0
1,3,3,9834,1,0
1,1,2,6767,2,0
4,2,1,14596,2,0
2,2,3,12985,2,1
1,2,1,7349,1,1
2,3,2,11553,2,1
1,2,2,13268,2,0
2,3,2,13177,2,0
4,3,1,6004,1,1
3,3,2,12705,2,1
1,3,2,12849,1,0
3,1,2,6001,2,0
2,2,1,6553,1,0
2,2,3,7638,1,0
4,2,3,12258,1,0
3,1,1,4779,2,1
3,3,3,6369,1,0
4,1,3,4319,1,1
3,3,3,6255,2,0
4,3,2,10861,2,0
1,3,3,9603,2,1
1,3,3,7843,1,1
4,2,2,10957,1,0
2,2,2,5206,1,1
1,3,2,14005,2,0
4,2,3,8520,2,1
3,3,1,11084,2,1
3,1,2,14406,2,0
1,1,1,13638,2,1
1,1,2,6072,2,0
1,2,2,9371,1,1
3,1,3,5144,1,0
2,2,2,10186,2,0
2,2,3,5451,2,1
1,2,1,5993,1,1
1,3,3,10624,1,1
3,3,1,12227,2,0
2,1,3,7604,2,0
3,2,3,9678,2,0
4,3,1,5129,2,0
4,2,1,12757,2,0
3,3,1,9741,1,1
4,3,1,14495,2,0
1,1,2,12615,2,0
4,1,3,5652,1,0
4,2,2,14120,1,1
4,3,1,4867,1,0
4,1,3,6367,1,1
4,3,3,11637,1,1
4,2,2,8695,1,1
1,2,3,3999,1,0
4,2,2,12644,1,1
3,3,1,5829,2,0
3,2,3,5791,2,1
3,2,2,13474,1,1
4,2,2,13748,2,0
4,1,3,9499,2,0
1,1,3,6828,2,0
3,1,3,9107,2,0
4,2,1,12557,1,1
3,1,2,5420,1,0
2,2,3,9505,1,1
3,1,2,12798,1,0
4,2,1,14583,2,1
3,3,1,12096,1,1
1,1,3,4909,1,1
2,2,1,4565,1,0
1,2,2,7486,2,1
2,2,3,9325,1,0
3,3,1,4652,1,1
3,1,3,3817,2,1
2,2,3,5565,2,1
3,3,3,12142,2,1
4,2,3,9330,1,0
3,3,1,8818,1,0
4,3,1,13719,2,1
3,1,3,12386,2,1
1,3,3,9621,1,0
4,1,1,8214,1,1
1,3,2,4092,1,1
3,2,2,12483,2,0
1,1,2,9048,2,0
1,2,2,5677,1,1
1,1,1,5761,1,0
4,3,2,10647,1,1
1,1,3,7096,1,0
4,2,3,4108,2,1
3,1,3,13805,1,0
4,1,1,10164,1,1
2,2,1,13792,2,0
3,3,3,4387,2,0
3,3,2,9261,2,1
2,1,1,5558,2,1
2,2,1,8227,2,1
3,2,2,8361,1,1
3,3,3,12985,1,0
1,1,2,12127,1,0
3,1,3,10725,2,1
4,2,1,7989,2,0
1,1,3,13290,2,1
2,1,2,6234,1,1
2,2,1,8662,2,0
4,2,3,12234,2,1
2,3,1,7622,1,0
3,1,2,13803,1,0
4,1,2,5224,2,0
4,1,2,11954,1,0
4,1,3,13008,1,1
1,1,3,9459,2,1
2,3,2,9648,1,0
2,1,1,4328,1,1
3,1,3,9182,1,0
4,1,2,3453,1,0
4,1,3,13902,2,0
2,2,3,8006,1,1
2,3,3,7579,2,0
1,2,2,10716,1,1
2,1,3,4216,2,0
1,2,2,14688,2,1
1,1,3,12826,2,1
4,2,2,8706,2,0
2,2,3,4780,1,0
4,1,2,9194,2,0
2,2,3,7215,1,1
2,3,3,10530,1,0
4,2,1,7017,2,0
3,3,2,7965,2,1
1,3,1,7250,2,0
4,3,3,14078,1,1
2,2,2,6066,1,1
1,1,2,13595,1,0
2,2,3,8066,1,0
2,3,3,7264,1,1
2,1,2,3985,1,1
2,2,2,13577,2,0
2,1,2,13061,2,1
4,1,3,13298,2,0
4,2,3,7610,1,1
1,2,1,10564,1,0
3,1,2,14814,2,1
3,2,2,8038,1,0
4,1,3,14090,2,0
3,3,1,11016,1,0
1,1,2,13046,2,1
4,3,2,6018,2,1
3,3,1,3657,1,1
3,3,3,11437,1,0
1,3,1,7571,1,0
3,1,3,3246,2,1
1,3,2,4397,2,1
2,3,3,8311,1,0
3,1,1,8683,1,1
1,3,3,8995,1,1
3,3,3,5872,2,0
2,3,1,9452,2,1
4,2,1,4641,2,1
1,2,3,3804,2,0
3,1,2,6859,2,0
3,1,2,7026,1,1
2,1,1,9967,2,0
3,3,1,8419,2,1
3,3,2,6052,2,1
4,2,1,13527,2,0
1,1,1,6345,1,1
3,2,3,8951,2,1
3,2,1,10272,2,1
4,3,1,7501,1,0
2,2,1,7869,1,1
3,1,1,14332,2,1
4,3,3,4292,1,0
1,1,1,13160,2,1
1,2,2,3232,2,0
4,3,3,14952,1,1
1,2,1,11389,1,1
4,3,2,12609,1,0
3,3,3,10940,2,1
3,1,1,13368,1,1
4,3,2,5602,1,1
1,1,2,14718,2,0
3,3,2,5105,2,0
3,3,1,5438,1,0
2,3,1,10372,1,0
3,1,2,3876,1,1
4,1,2,7246,2,1
3,1,2,6131,1,0
4,1,2,3019,2,0
4,3,1,10498,1,0
3,1,2,10936,2,0
1,3,2,8156,2,0
3,3,3,6144,1,0
2,2,2,6163,1,0
1,3,1,13817,1,1
4,1,2,12442,1,1
2,3,3,14906,2,0
4,1,1,7431,2,0
4,1,3,3119,2,0
4,1,3,3727,2,1
2,2,3,6260,2,0
4,2,2,9388,2,1
3,2,1,8416,1,0
2,2,2,12569,1,0
1,2,1,14859,2,0
1,3,1,14811,2,1
1,3,2,6856,2,0
1,2,3,12076,1,1
3,2,1,6362,2,0
3,3,2,9304,2,0
2,3,1,10131,2,1
3,3,3,10937,1,1
1,1,1,6368,2,0
4,3,2,3398,1,0
3,2,3,6942,1,0
3,1,2,10043,2,1
3,1,2,14733,1,0
3,3,2,9955,2,1
3,2,2,14994,1,0
4,2,3,8614,2,0
4,2,2,7315,1,1
2,2,2,8219,2,1
2,3,3,11669,1,1
3,2,3,11460,1,0
1,3,2,13587,1,1
3,1,2,12675,1,1
4,2,1,13883,2,1
4,3,2,3194,1,0
4,3,3,9932,2,0
4,3,2,11018,1,1
2,2,1,6756,1,0
1,3,3,5531,1,1
1,1,1,10252,2,1
1,2,1,14602,1,1
1,3,1,9206,1,0
3,2,1,9705,1,1
1,1,3,8845,1,1
2,2,1,4024,1,1
2,1,2,11422,2,0
1,3,2,12585,2,1
1,3,1,4642,1,1
2,2,1,12153,1,0
3,1,2,12357,2,1
4,3,1,9926,2,1
4,2,1,10313,2,0
4,1,3,13950,2,1
2,1,3,5669,1,1
1,2,3,14198,2,0
4,1,2,9637,2,0
2,1,3,5475,2,1
2,3,2,7204,1,1
4,3,2,11199,2,1
3,3,3,13723,2,0
3,3,1,3533,2,1
3,2,1,11619,1,1
2,3,2,10925,2,0
2,2,3,4730,1,1
1,2,2,14621,1,1
1,1,2,12677,1,1
4,2,2,11936,2,0
2,1,3,9892,1,0
1,2,3,5237,2,1
4,3,3,4327,2,1
4,1,1,4912,1,0
4,3,3,14318,1,1
2,1,1,4816,2,1
3,3,1,3472,1,1
3,3,2,12217,1,1
2,2,1,6921,2,1
3,1,1,6471,1,1
2,2,2,8319,1,0
2,1,1,8071,2,0
4,2,3,12399,2,0
4,3,2,4023,2,0
3,1,2,13022,2,1
4,2,2,10112,1,1
4,1,2,8654,1,0
4,3,1,10939,2,1
2,3,2,12574,2,0
4,1,1,11177,1,0
2,2,3,13175,2,0
3,1,3,10830,1,0
2,3,1,5084,1,0
3,3,1,10238,2,1
1,2,1,6291,1,1
2,3,1,4659,1,0
2,2,1,6954,1,0
2,2,1,10410,1,0
2,3,1,5325,1,0
1,2,2,9172,1,0
1,3,2,7106,1,1
4,2,3,14055,1,1
2,2,3,5905,2,1
2,2,1,8869,2,1
3,3,2,13003,1,1
1,2,3,3982,2,0
1,3,1,5993,2,0
4,1,2,8558,2,0
3,3,1,12393,1,1
3,3,1,10565,1,1
4,3,1,7067,2,1
2,3,3,6883,2,1
2,3,3,5633,2,0
1,1,2,8463,2,0
2,3,2,6134,2,1
1,1,3,6732,2,1
1,1,1,11056,2,0
4,3,1,6482,2,0
2,2,2,4408,1,0
1,2,2,12433,2,1
3,2,1,9887,1,1
1,2,3,7168,2,0
4,2,2,11001,1,1
1,2,2,9487,2,1
2,1,1,9317,1,0
3,1,3,4417,1,0
3,2,1,4508,2,1
2,3,2,4667,2,0
3,2,2,4581,2,1
1,1,3,6703,2,0
1,2,3,3392,1,1
1,3,2,3025,2,1
4,1,3,7695,1,1
3,1,2,3641,1,0
1,2,1,3691,2,1
4,2,1,9081,2,0
2,2,2,13741,2,1
3,3,2,3627,1,0
2,1,2,6970,1,1
1,3,3,9823,1,1
1,3,3,14572,1,1
1,1,3,7608,2,0
2,2,1,5522,2,1
3,2,1,6874,2,1
1,2,3,11143,1,1
1,3,2,9669,1,0
3,2,3,7710,2,1
3,2,2,9904,1,1
2,1,3,5013,1,0
3,3,2,9775,1,1
1,3,3,5896,2,0
1,1,1,13806,1,1
2,2,2,7589,2,1
3,3,1,13933,1,0
2,1,1,14263,1,1
3,3,2,4151,1,0
4,2,3,10464,1,0
3,3,2,14861,2,0
4,1,3,10122,2,1
1,1,2,5097,1,0
3,1,2,14432,2,1
4,3,1,14614,1,0
1,1,1,9930,1,1
2,1,3,10813,1,1
4,1,2,9860,1,0
2,1,1,7790,1,0
1,3,3,10366,1,0
2,1,3,12370,1,1
2,3,2,4995,1,1
1,3,3,11867,1,0
2,1,3,7240,2,0
2,2,3,12345,2,0
3,1,3,14070,1,1
4,2,1,8664,1,0
4,3,1,8068,2,1
1,2,2,4237,1,1
2,3,3,7250,1,1
3,3,2,3502,1,0
1,2,3,7666,2,1
1,2,2,6242,1,0
4,1,3,12640,2,1
1,3,3,14151,2,1
1,1,2,12090,1,0
3,1,1,8147,2,1
1,3,1,6959,1,0
2,3,1,9762,1,1
1,2,1,4780,1,1
2,2,3,13913,2,0
1,1,1,13703,2,0
1,1,2,8974,1,0
2,2,3,6069,1,1
1,3,2,14683,2,1
1,2,1,10856,2,0
3,2,3,5826,2,1
4,2,1,4497,2,1
3,2,2,13025,2,0
3,1,1,13466,1,0
4,2,3,10267,2,0
2,3,3,3125,2,0
1,3,1,3579,2,1
4,2,2,8153,1,0
3,1,3,7445,1,0
1,2,1,12815,1,1
3,1,1,12653,2,0
3,1,3,10942,2,1
4,3,2,13931,2,1
2,1,1,4416,1,0
3,2,3,11474,1,1
2,2,2,4480,2,0
4,3,1,12772,1,0
2,2,3,10005,1,1
3,2,3,4663,2,0
2,2,2,14172,1,1
2,1,1,12585,2,0
2,3,1,3416,2,0
3,3,1,14587,2,1
2,1,2,10936,1,1
1,3,3,6077,1,0
1,3,2,11907,1,0
4,1,2,9618,1,1
2,3,3,4348,2,1
3,1,3,6371,2,0
1,2,2,12907,1,0
4,1,1,13303,1,0
4,3,3,11342,1,1
4,1,3,6773,1,1
4,2,3,8800,1,0
4,2,2,13823,1,1
2,1,1,4783,2,0
3,2,3,10907,1,0
4,1,2,6185,1,1
2,2,1,4647,1,1
4,2,1,10383,1,0
2,3,1,8160,2,1
4,2,3,6837,1,1
3,2,1,7773,2,0
1,2,2,3457,1,1
2,3,1,4726,2,1
2,1,3,7578,2,1
3,1,3,9796,2,1
4,2,2,12906,2,1
2,1,2,12110,1,1
1,3,2,7281,2,0
3,2,3,13744,1,1
4,1,1,14714,1,1
1,2,1,6851,2,0
4,2,2,7480,1,0
2,1,1,8610,1,0
3,1,2,9332,1,0
1,1,3,10962,2,0
3,2,1,12663,1,1
4,2,2,11877,1,1
2,3,1,7154,1,0
2,1,2,11104,1,0
1,3,2,7116,1,0
4,1,2,4741,2,0
4,1,3,11861,1,0
4,3,2,5433,1,0
1,1,1,13018,1,1
1,2,1,11283,1,1
1,2,1,11449,1,0
3,2,1,7382,2,1
4,3,1,10723,2,1
4,1,3,9311,1,0
2,1,2,11180,2,0
4,1,3,3796,2,0
2,1,3,13118,1,0
4,2,2,4632,1,1
4,2,1,5722,1,1
4,2,2,11089,1,0
4,3,2,11919,1,1
2,3,2,5999,1,0
2,3,1,6437,2,0
1,2,1,12939,1,0
4,1,1,14096,2,0
3,3,1,7487,2,1
1,1,3,13010,1,0
2,1,1,9686,1,1
4,1,1,3505,1,1
3,2,1,13074,2,0
1,2,2,8278,2,0
1,1,3,6638,1,0
1,1,2,8184,2,0
1,1,3,9113,2,0
3,3,2,13470,2,1
4,3,1,6994,2,1
1,3,2,3512,2,1
3,1,1,6187,1,0
3,2,1,7619,1,0
3,3,2,5021,1,1
2,3,2,6573,1,1
2,2,1,12401,1,0
4,2,2,7369,2,1
3,3,1,13090,1,1
3,2,1,8789,1,1
1,1,3,13077,2,0
3,3,1,4629,1,1
4,1,2,3267,1,0
3,1,2,11761,2,1
2,3,3,11424,1,1
3,1,1,13652,1,1
3,1,3,8417,1,0
3,3,1,13853,1,1
4,3,2,3019,1,1
2,3,2,7959,1,1
4,1,3,5471,2,0
1,3,3,6304,1,0
4,2,1,6707,2,1
2,1,1,3156,2,0
4,1,1,6863,2,0
2,3,3,11888,1,0
4,2,2,5891,1,1
4,3,3,5299,1,0
2,1,3,12275,1,1
4,2,3,12992,1,1
3,1,2,6486,1,0
4,3,3,7207,1,1
1,3,2,6702,2,0
2,1,3,11032,2,1
2,2,1,4542,1,0
4,1,3,3316,2,1
3,3,1,9430,2,1
1,2,2,12433,2,0
2,3,2,10810,2,0
2,1,2,8321,2,1
3,2,1,10614,1,0
3,3,1,11122,1,0
4,3,2,9170,1,0
2,2,3,13772,1,1
1,2,3,14135,2,0
3,2,3,8778,2,0
3,2,3,13204,2,1
3,1,1,6242,1,1
4,1,2,9245,1,1
2,3,3,7245,2,0
4,2,3,13715,2,0
4,1,3,6958,2,0
2,2,2,9385,2,0
2,1,2,4214,2,1
2,1,1,10306,1,1
3,1,2,10268,1,1
3,1,3,8896,2,0
4,2,2,3276,2,1
4,3,2,12725,1,0
1,2,3,5401,1,0
3,2,2,12054,1,0
2,1,3,11496,2,0
3,1,1,4473,1,0
4,1,2,8003,2,1
4,2,1,5493,2,0
3,2,3,7361,2,0
2,1,3,12121,2,0
4,3,1,9569,1,1
4,2,1,12596,2,1
2,3,1,13591,2,0
3,3,1,8382,1,1
1,2,3,7724,2,0
4,3,1,9426,1,1
1,1,1,8139,2,0
2,1,2,14667,2,0
1,2,2,4799,2,1
2,2,1,7364,1,0
4,1,2,13925,2,0
3,1,2,7770,2,0
2,2,1,3447,1,0
2,1,1,12961,2,1
4,1,2,7480,1,1
1,3,3,13434,2,1
4,1,1,10839,2,1
1,1,1,6068,2,0
2,1,2,5984,2,0
4,2,2,12255,2,0
4,1,1,14031,2,1
2,3,2,6755,1,0
4,3,3,6150,1,1
4,2,3,12088,2,1
4,3,3,12527,2,1
3,3,1,13776,2,0
3,2,1,4621,2,0
3,3,3,6350,2,1
3,3,3,8982,2,1
4,1,2,14963,2,0
3,1,1,6407,2,1
3,3,1,6276,2,1
4,1,1,11897,1,1
1,2,2,7082,1,0
1,3,1,10622,1,0
2,3,1,6439,2,1
4,3,1,8732,1,1
1,2,1,5918,2,1
4,1,2,7052,2,1
3,1,3,9095,2,0
1,2,1,7788,2,0
3,2,3,3108,1,1
1,1,3,14497,2,1
2,2,3,12900,2,1
4,1,1,12796,2,1
2,1,2,6303,2,0
3,2,3,3796,2,0
4,3,3,5405,2,1
1,1,2,5372,1,1
2,2,3,13041,1,0
1,2,1,3013,1,1
2,2,1,12121,2,1
3,1,2,10576,1,1
4,3,2,12448,2,0
4,3,1,11277,2,1
1,3,3,11509,2,1
3,3,3,13093,1,0
2,1,2,6124,2,0
4,3,3,7791,2,0
3,3,1,7458,2,1
3,2,2,8053,2,0
4,2,2,4640,2,1
4,3,2,8970,1,1
2,2,1,7271,1,0
1,1,2,14717,1,1
4,1,2,9067,1,0
1,3,3,5080,1,0
1,2,2,5892,1,1
2,2,2,5719,2,1
1,2,1,10989,1,1
3,1,3,13460,2,1
4,2,2,3887,2,1
3,3,3,8420,1,1
3,1,3,13434,1,0
2,1,3,11104,2,0
2,3,2,10643,1,1
4,2,1,14963,1,0
1,2,1,14226,2,0
3,3,1,8497,1,0
1,2,3,9291,2,1
2,3,2,5574,2,1
3,1,3,10479,2,0
2,3,2,10257,2,0
3,3,1,8847,1,1
2,3,1,12840,1,0
4,1,2,14580,1,0
1,3,3,3474,1,0
3,3,2,5730,1,1
2,1,3,5803,1,0
2,1,3,10495,1,0
2,1,1,7302,2,0
4,3,1,9117,1,0
1,3,1,10395,2,0
1,2,3,6257,1,0
1,3,1,11585,2,1
2,3,2,6057,1,0
2,3,3,13548,2,0
1,1,2,5035,1,1
4,3,1,5212,2,0
2,2,2,5889,1,1
3,3,1,7450,2,0
2,1,2,9723,1,0
1,1,2,10440,2,0
4,2,1,9124,1,1
1,3,2,8563,2,0
3,2,2,10748,1,1
2,3,3,8722,2,0
3,3,1,13469,1,1
4,2,3,6119,2,0
4,3,3,3415,1,1
4,1,3,5185,1,1
4,3,3,5753,1,1
1,1,2,14049,2,0
4,2,1,13623,2,0
2,2,1,4827,1,0
3,3,2,10651,1,1
2,3,1,12402,1,0
3,2,2,13921,1,1
3,1,2,3762,2,0
2,3,3,8059,2,0
2,3,2,3418,1,0
4,3,1,11059,2,1
4,1,3,5779,2,1
3,3,3,6086,1,0
3,1,2,3652,1,0
4,3,1,8370,2,1
1,2,1,6222,2,1
3,2,2,13429,2,1
1,2,1,6348,2,0
4,2,1,14456,2,0
3,2,3,8341,2,0
2,2,1,6167,2,1
4,2,3,5926,1,1
4,2,2,10102,2,1
1,2,3,4296,1,1
4,3,1,5169,1,0
3,1,3,6161,2,0
4,1,3,10354,1,1
3,1,3,6879,1,1
3,3,2,4827,2,0
4,2,2,13068,2,0
3,2,1,8966,2,0
3,2,1,9969,1,0
3,1,3,5054,1,0
4,1,3,11939,1,1
1,2,2,5396,1,1
3,3,2,8398,2,1
4,3,3,5170,2,0
1,3,1,11656,2,0
3,2,3,7991,1,1
1,1,3,12510,1,1
4,2,2,10189,2,0
2,3,3,5866,2,0
2,2,2,9256,2,1
4,1,3,6799,1,0
1,1,3,13971,2,1
1,2,1,9581,2,1
1,3,1,8525,1,0
1,2,2,12861,2,0
2,1,2,9283,2,0
4,2,2,10758,2,1
3,2,2,10797,2,0
2,3,1,13949,2,1
3,3,3,7942,2,0
4,3,2,9169,2,0
2,2,2,9979,2,1
3,1,3,10304,1,0
1,2,1,14438,1,1
3,1,3,11893,1,0
4,3,3,11128,1,1
2,3,1,10240,1,1
3,2,1,9476,2,1
4,2,1,4220,2,0
3,3,3,7216,2,0
2,2,3,5837,2,0
4,3,2,5633,1,0
1,2,3,5329,1,1
1,3,3,9228,1,0
3,3,3,9375,1,0
3,3,3,3801,1,1
2,2,1,11146,1,1
1,3,3,11449,2,1
1,3,1,7099,1,0
3,1,2,3264,1,1
4,3,1,11673,1,1
4,1,1,10263,1,0
2,2,3,4730,2,1
3,1,2,8618,2,1
1,1,1,12716,1,0
4,2,1,10769,2,0
3,3,3,6948,1,1
2,1,3,14921,1,1
4,2,3,5165,2,0
1,2,1,9082,2,1
2,2,3,8548,1,1
3,3,3,8895,2,0
4,1,3,14175,1,0
2,2,2,5163,2,0
3,1,1,14308,1,0
2,2,2,14333,1,0
4,1,3,14580,2,0
4,1,3,13876,2,0
1,1,2,8199,1,0
3,2,2,14450,1,0
1,2,1,10082,1,0
2,1,1,3705,1,0
2,1,3,8587,1,0
3,3,1,11590,2,0
2,2,1,9107,1,1
2,2,1,11921,2,0
1,3,3,8244,1,1
1,2,1,7727,1,0
1,2,3,4555,1,1
2,2,3,11369,2,0
4,2,3,8244,1,0
3,1,2,11616,2,1
2,2,2,11021,1,1
2,2,2,8741,1,0
4,1,1,9089,2,1
2,3,1,5975,2,1
2,3,1,12748,1,0
1,3,3,8289,2,1
2,2,2,9278,1,1
2,3,2,13244,2,0
2,1,1,9401,2,1
2,3,2,14257,2,0
2,3,3,5691,2,1
4,1,1,9639,2,0
4,1,3,11380,1,0
1,1,3,6308,1,1
2,2,2,4392,2,1
2,1,2,13216,1,1
3,3,2,7749,1,0
1,2,2,5354,2,0
4,2,3,12050,2,0
2,1,1,4809,2,1
4,3,2,13592,1,0
1,2,3,8723,2,0
3,3,2,3209,2,1
2,3,3,14455,1,0
1,1,2,7395,2,0
2,2,2,7347,2,1
2,1,2,9791,2,1
1,1,2,4273,2,1
2,1,1,9189,1,0
4,2,1,8803,2,0
3,2,2,13658,2,0
3,1,2,5140,2,1
2,3,1,3473,1,1
1,1,3,4601,2,0
2,3,1,9191,1,0
3,3,1,14239,1,1
2,3,1,4114,2,0
4,3,2,7028,1,1
1,1,3,3123,1,1
4,1,3,7038,1,0
2,1,3,8963,2,1
1,2,1,3369,2,0
2,2,1,12797,2,0
3,2,1,5522,1,1
2,2,3,3048,1,1
2,3,3,7402,1,0
3,2,1,8843,1,1
4,2,3,8178,2,1
4,1,3,11174,1,1
3,3,1,3472,1,1
1,3,3,9342,1,1
3,2,2,11704,2,1
4,2,3,3156,1,0
1,2,2,7489,2,1
3,3,3,9161,1,0
4,1,1,6156,2,1
3,1,2,3447,1,0
2,3,1,13983,2,1
3,3,1,13966,2,1
1,3,2,4397,1,1
1,1,3,10282,2,0
1,1,2,4740,2,0
1,3,3,12818,1,0
2,2,3,8747,2,1
4,2,2,5214,2,0
2,3,1,11992,1,1
4,2,3,5282,2,1
4,3,2,7774,2,0
3,3,2,9694,2,1
4,1,2,8814,1,1
2,2,2,11738,2,0
3,2,2,12574,2,0
1,1,3,8542,2,0
3,3,2,3889,2,0
4,1,1,6867,2,0
2,3,3,13156,1,0
3,2,3,8136,2,1
1,1,3,8418,1,1
2,3,3,8620,2,1
4,3,1,4896,2,1
1,2,2,5714,1,1
4,1,3,8581,1,0
1,3,3,5345,2,0
2,1,1,3796,2,1
4,2,2,7501,1,1
4,3,1,13561,2,1
3,3,3,14031,2,1
1,2,3,12873,2,1
2,3,3,5392,2,1
4,1,1,5860,2,1
1,1,2,8193,2,1
3,3,3,13072,1,0
3,2,3,13007,2,1
4,1,1,14222,1,0
4,2,1,9225,1,1
4,3,1,13616,2,0
3,2,3,7382,1,1
3,3,1,13159,2,0
3,3,1,10189,2,1
4,3,1,11047,1,1
1,2,1,14712,2,0
2,1,2,5961,1,0
2,1,1,7246,2,0
4,1,3,6945,2,1
4,2,1,4249,1,1
4,1,2,12752,1,0
4,1,2,4516,2,1
1,2,3,8325,1,1
2,3,2,7549,2,0
2,2,1,6623,1,1
1,3,2,7512,1,1
1,3,2,11974,2,1
1,1,3,11161,2,1
4,3,1,3385,1,1
1,3,2,9437,1,1
2,2,1,3925,1,1
1,3,1,4483,2,1
1,1,1,11440,2,1
3,2,1,7858,1,1
2,1,2,11596,1,0
1,3,3,11988,2,0
1,1,2,3529,2,1
1,2,1,8023,1,1
2,1,1,11376,1,1
4,3,1,10065,1,0
3,2,2,11592,2,0
1,1,3,9471,2,0
2,3,2,5601,2,0
2,3,3,8067,1,1
1,1,1,6049,2,1
4,2,3,4309,1,0
3,3,1,3508,1,1
1,3,2,5818,1,0
4,2,3,8693,1,1
3,1,2,7894,1,0
3,1,1,11246,1,0
2,3,2,14436,2,0
3,2,1,10121,1,0
2,1,1,11533,1,1
4,1,2,7023,2,0
2,3,2,3748,2,0
3,3,2,13477,1,1
3,3,1,6458,2,1
4,2,3,10104,2,0
1,1,1,5673,2,1
4,3,2,8690,1,0
4,1,2,11717,1,1
4,2,3,9632,2,1
1,1,3,4943,2,1
1,3,2,10787,1,0
1,2,3,11303,2,0
2,2,3,7809,2,1
4,1,1,12190,1,0
4,2,3,6686,2,1
1,1,2,4780,2,1
2,2,3,12914,1,0
4,1,2,11110,1,1
1,1,2,4369,1,1
4,3,3,3079,1,1
3,3,2,5462,1,0
4,2,2,10272,2,0
3,3,2,3197,1,0
2,3,3,14129,2,0
1,2,2,13580,1,0
4,1,1,9915,1,1
1,3,2,8055,2,1
4,3,2,7970,1,0
2,2,3,8744,1,1
2,1,3,4517,1,1
2,1,3,12739,1,1
2,1,1,3134,1,0
4,1,2,7713,2,1
2,1,2,5609,2,0
1,1,3,14580,2,0
1,3,1,10097,2,1
4,1,2,6123,1,1
2,2,2,6430,1,1
3,2,2,12947,2,0
1,3,3,14785,2,1
1,2,2,8211,1,0
4,3,2,5007,2,1
3,3,2,5745,2,1
4,1,2,3057,1,0
1,3,3,5912,1,0
2,2,2,14549,1,0
1,1,3,7596,1,1
3,1,3,10579,2,0
3,3,2,11063,2,1
2,3,2,7775,2,1
2,3,2,3862,1,1
1,2,1,8893,1,1
4,2,3,14165,2,0
4,3,2,8130,1,0
4,3,1,11144,1,0
1,1,3,13990,1,0
3,2,1,7316,1,0
4,2,2,4200,1,0
1,3,2,10935,1,1
1,3,3,9934,2,0
1,3,3,8045,1,0
1,2,1,5431,1,0
2,3,3,6010,2,1
2,1,2,3381,2,0
4,1,1,7272,2,1
4,2,1,6303,1,1
1,2,2,10076,2,0
1,1,3,4010,2,1
4,3,2,5718,1,0
3,3,2,4233,2,1
3,2,3,9911,1,0
1,2,1,3941,1,0
1,2,3,12301,1,0
2,3,1,14249,1,0
1,2,1,14408,2,0
2,2,3,9780,1,0
1,3,3,13527,2,0
3,3,1,11857,2,0
2,3,3,3863,1,1
3,2,3,10685,2,1
4,1,2,9982,2,0
3,3,3,12162,2,1
2,1,3,12952,1,1
3,1,1,10853,2,0
1,1,3,12621,1,0
1,3,1,4728,2,1
3,2,1,9835,1,1
1,1,3,14621,1,0
3,3,2,5338,2,1
2,3,1,11545,1,1
2,3,2,6446,2,1
1,2,1,9753,2,1
4,2,1,3276,2,1
3,1,1,14949,1,0
4,1,1,14170,1,1
2,3,1,14336,2,0
1,2,2,8181,2,0
2,1,2,12342,2,0
2,2,1,7773,1,0
3,2,3,11237,2,1
2,1,1,6307,1,1
1,1,3,9691,1,1
4,3,1,8190,1,1
3,2,1,4566,1,1
3,1,3,9285,2,1
2,1,1,7025,1,1
2,1,1,14011,2,1
3,2,1,12429,1,1
3,1,3,6189,1,1
1,2,1,7535,1,0
4,2,3,4507,2,1
1,2,3,10640,1,0
3,1,1,11532,1,1
1,2,3,14580,2,1
2,2,1,4081,2,0
2,2,1,8370,2,0
1,3,1,5158,2,0
4,2,1,10201,1,1
4,2,2,12698,1,0
3,2,3,8206,1,1
2,1,3,4819,2,1
1,1,2,14340,2,1
2,3,3,13071,2,1
3,3,3,4231,1,1
2,2,1,13840,2,0
4,3,3,14484,2,1
4,2,2,3801,1,1
2,2,2,8166,1,0
4,1,3,8270,2,1
3,1,1,10124,1,1
1,2,1,10065,2,1
1,2,2,14481,1,1
4,2,3,13361,2,0
1,2,1,12311,2,0
4,3,3,6785,1,0
1,2,1,6038,2,0
3,2,2,3974,1,1
2,3,2,12724,1,1
1,3,3,9377,2,0
1,2,3,9053,1,1
4,3,1,3465,2,1
1,1,1,9761,1,0
4,2,3,9897,2,0
2,2,1,14435,2,1
2,1,2,10344,1,0
2,3,2,5974,2,1
1,3,3,13499,2,1
2,1,1,12942,1,1
1,2,2,7867,2,0
1,3,2,6177,2,0
1,1,2,11706,2,0
4,2,1,6369,1,0
4,3,1,5238,1,1
4,3,2,14282,1,1
1,1,1,6854,1,0
1,2,3,10318,1,0
3,3,2,13105,2,0
3,2,2,5671,2,0
4,2,3,12771,2,1
3,3,3,9266,2,1
2,1,2,9888,1,1
2,1,2,14259,2,1
1,3,3,10674,1,1
2,2,1,12177,1,1
2,2,2,10689,1,0
2,1,2,4841,2,0
1,3,3,4796,2,0
1,2,3,4015,1,1
1,3,3,7997,2,0
3,3,2,4918,2,0
2,3,3,6466,1,0
1,1,1,7150,2,1
2,3,3,14480,1,1
4,3,1,11587,2,1
4,1,3,3265,2,0
3,1,3,4901,2,0
4,2,2,9247,2,0
3,1,3,12474,1,1
1,2,1,14460,2,0
1,2,3,4133,2,0
1,1,2,10471,2,0
2,1,2,9958,1,0
2,2,1,4650,1,1
3,2,2,12412,2,1
3,3,2,13204,2,0
3,2,3,4213,2,1
2,2,1,7547,1,0
2,1,1,13240,1,1
1,3,2,10091,2,1
3,3,1,7564,1,0
3,1,1,6977,2,0
4,2,3,14578,2,1
1,3,3,7091,2,1
1,1,1,5239,2,0
3,3,2,14180,2,0
3,3,2,12418,1,1
4,3,3,4264,1,0
4,1,3,3883,1,0
4,1,2,10726,1,0
2,3,1,9414,1,1
3,1,1,14779,1,1
2,2,3,5090,2,1
3,2,1,14322,2,0
3,1,2,6231,2,1
1,1,3,5793,1,1
1,3,3,10097,1,1
1,3,3,3884,2,0
2,1,2,3105,1,0
1,1,3,14869,1,1
2,2,3,3652,1,1
4,2,2,7843,1,0
3,2,1,13289,2,1
2,3,1,3530,1,1
2,2,1,13629,2,0
4,1,2,5141,1,1
2,2,2,5359,2,1
4,2,2,9600,2,0
1,2,2,3855,2,0
4,2,2,6819,1,1
1,2,1,5366,1,0
2,3,1,7567,1,1
2,2,1,3594,2,1
2,1,1,7222,2,0
2,3,1,10762,2,0
3,2,3,6861,1,0
2,2,1,14376,1,1
4,2,1,6287,1,1
4,1,2,7719,2,0
2,3,2,5352,2,1
3,1,3,14803,2,1
2,3,2,10301,1,0
3,2,3,5549,1,0
4,2,3,14010,1,0
1,2,1,4976,1,0
1,2,1,13751,1,0
1,2,3,10619,1,1
1,3,2,9946,2,0
4,3,1,10095,1,1
2,3,2,10970,2,1
1,2,2,13114,2,0
2,1,3,4291,2,1
4,1,1,14555,2,0
4,2,1,6980,2,1
4,2,1,9418,1,1
4,1,3,11246,1,1
3,3,1,6076,2,0
4,2,3,4087,2,1
3,3,1,13117,2,1
1,2,1,3663,1,0
1,3,3,14053,1,1
2,3,2,6075,1,1
1,1,3,7017,2,0
4,2,1,10656,1,0
1,1,3,10788,2,0
1,2,1,7023,2,0
3,1,1,4948,2,0
2,3,2,6565,2,0
1,3,1,3846,1,1
1,2,2,13733,2,1
2,2,3,5640,1,1
4,2,2,8171,2,1
2,2,1,6200,2,1
4,2,3,9121,1,0
1,1,1,12695,2,0
3,2,1,13867,2,1
1,2,3,5024,2,0
1,3,3,13613,2,0
2,2,1,4192,1,0
3,3,3,13548,2,0
2,2,3,9997,1,0
1,1,3,4128,1,0
4,1,1,4401,1,0
3,3,2,11988,2,1
3,2,1,6779,1,0
3,3,1,11947,1,0
3,1,2,12302,2,1
4,3,1,9723,2,1
3,3,2,8497,1,1
1,1,1,10627,2,0
2,3,1,7910,2,0
1,1,1,11224,1,1
3,3,2,6147,2,0
1,1,3,10074,1,1
2,3,1,3823,2,0
1,2,3,9905,2,0
2,2,1,8160,1,1
2,1,1,13628,2,0
1,2,1,3746,1,0
4,1,3,9591,1,0
1,3,3,13707,1,0
1,1,2,12136,1,0
1,1,1,8992,2,1
2,1,2,6532,1,1
4,1,3,6510,1,0
3,3,1,5962,2,1
4,1,3,4084,2,1
1,3,1,3233,1,1
1,2,1,5741,2,1
2,1,1,10476,1,0
1,1,2,12950,2,0
3,3,2,11699,2,1
3,3,1,8177,2,0
2,1,3,5015,1,1
1,3,3,10920,2,0
1,2,1,3046,2,1
1,2,1,13044,2,1
1,1,2,6998,2,0
1,2,2,14479,1,1
2,1,1,13788,2,1
4,3,2,8884,2,0
2,2,1,13794,1,1
4,2,3,11072,1,0
2,1,2,6137,2,0
3,2,3,9890,2,0
2,3,3,5430,1,1
1,2,1,12108,1,1
4,3,1,6306,1,1
2,1,3,9827,2,0
1,3,3,9681,2,1
2,1,2,5377,1,0
4,1,3,7183,1,1
1,2,3,10543,1,0
1,3,3,6553,1,0
3,2,1,9583,1,0
1,3,1,7434,1,1
3,3,2,12827,1,0
2,2,2,12377,1,1
4,2,1,7488,1,1
1,2,1,8567,2,0
1,2,3,4271,1,0
3,2,2,3156,1,0
1,2,2,3842,1,0
4,3,3,10149,1,0
1,2,1,14140,2,1
4,1,2,6999,2,0
2,1,3,11025,1,1
2,1,3,11585,1,0
1,1,1,5142,1,0
4,2,3,12235,2,0
2,3,3,6883,1,0
1,1,1,5848,1,0
1,1,2,4105,2,1
1,2,2,5765,1,0
3,1,2,10003,2,1
1,1,3,14034,2,1
4,2,3,10635,1,0
3,3,3,5925,2,0
4,2,2,8749,2,1
2,2,2,11654,1,1
3,1,2,4137,1,0
2,3,2,8024,2,0
2,2,1,12192,2,1
4,1,3,7158,2,1
2,3,3,14849,2,0
3,2,2,11550,2,0
2,1,3,6561,2,0
4,3,1,4702,2,0
4,3,3,14014,1,0
2,2,3,3083,2,0
4,3,3,7040,1,1
4,3,2,8411,1,1
1,1,2,11198,2,1
2,3,3,3131,2,0
1,2,3,13315,2,1
2,2,2,9627,1,0
1,3,1,9926,1,1
3,1,1,12764,1,0
2,1,1,8649,2,0
1,3,2,14818,2,0
4,2,3,14876,2,1
1,1,3,13634,1,1
2,2,1,5741,1,1
3,1,1,9994,1,1
4,1,1,11139,1,0
3,2,1,7942,1,0
1,1,1,13830,1,0
3,1,3,9558,1,0
2,3,2,3149,2,0
1,1,2,7118,2,1
1,2,1,9413,2,0
3,1,3,5868,2,0
2,3,1,9408,1,0
2,1,2,3510,2,1
2,1,3,9428,1,1
4,1,2,11269,1,0
3,3,3,10852,1,1
3,2,1,8039,2,1
1,2,2,3811,1,0
3,2,2,8521,2,0
4,1,3,13019,1,1
4,1,2,3140,2,1
1,1,1,9575,2,0
4,2,1,3403,2,0
2,2,2,12079,1,1
2,3,2,5940,1,0
1,3,1,5948,2,0
2,2,1,13031,2,1
4,3,2,12371,2,1
4,3,3,12998,1,1
3,1,3,6839,2,0
4,1,3,9133,2,0
1,3,1,13375,2,0
2,3,3,3465,1,1
1,1,1,7501,1,0
1,1,2,9907,1,1
1,2,2,8891,2,0
4,3,1,4065,2,1
4,3,3,8532,1,0
4,1,2,14413,2,0
4,3,2,9257,1,1
4,3,1,3298,2,1
4,3,1,14797,1,0
4,3,3,3424,2,0
2,2,1,4111,1,1
2,2,2,9625,1,1
2,1,1,12899,1,1
1,2,2,7902,2,1
3,3,3,10769,2,1
2,2,3,12485,1,1
4,2,1,14105,2,0
2,3,2,5204,2,1
3,2,3,13484,2,0
3,1,2,10900,2,0
4,2,2,4127,2,0
1,2,1,5433,1,1
4,1,3,11343,2,1
2,2,1,13262,1,0
3,2,1,5263,1,1
2,3,2,14027,1,1
4,1,3,13411,2,0
1,2,1,7039,1,0
1,2,1,13203,1,1
4,2,1,10905,2,0
2,2,2,8055,1,1
3,3,2,6144,2,0
4,3,2,13589,1,0
3,2,1,6383,2,0
2,3,1,3040,1,0
1,3,3,6028,1,1
1,2,2,3054,2,0
2,3,1,6522,2,0
4,2,2,14770,2,1
1,3,1,6052,2,1
1,3,1,6057,2,0
1,3,2,11116,2,1
1,1,1,12221,2,0
1,3,2,13282,1,0
3,3,2,13156,1,0
2,3,1,10513,1,0
3,3,3,5110,1,1
3,2,1,14617,1,0
2,3,1,6506,1,0
4,2,3,12959,1,0
4,2,3,12128,2,0
4,2,1,5985,1,1
2,1,3,9630,1,1
2,3,2,14269,1,0
1,1,3,12675,2,0
4,3,3,6350,1,1
2,1,1,10775,2,0
4,2,2,11484,2,0
1,1,1,13966,1,0
4,1,1,3822,1,1
3,1,1,7531,1,0
1,3,2,7097,2,1
4,3,2,4850,2,1
2,3,3,13590,1,1
2,1,3,3755,1,1
1,2,1,5694,1,1
2,1,3,7808,1,0
2,2,2,6993,1,0
2,2,1,11678,1,0
2,3,3,12366,1,0
1,1,1,7029,1,0
1,1,2,11612,2,0
3,1,1,10896,2,0
4,3,3,6545,2,0
2,3,1,6588,1,1
1,2,2,3276,2,0
4,2,3,14630,2,0
1,1,2,7778,1,1
1,2,2,10985,2,1
3,2,2,5411,1,1
1,1,2,4541,1,0
4,1,3,12168,2,0
3,3,3,14548,1,0
4,1,3,11418,2,0
4,3,2,11181,1,0
3,1,2,9769,1,0
1,2,1,12455,1,1
2,2,1,14594,1,1
4,1,3,4952,1,0
3,1,2,11141,2,1
3,1,1,14250,2,1
3,1,3,4407,1,1
3,2,2,7793,2,0
2,3,1,7141,1,1
3,1,3,6459,1,1
3,3,1,8067,1,1
3,2,1,14486,2,0
2,3,1,10423,1,0
1,1,1,11808,1,1
2,2,3,11973,1,1
1,3,2,13227,2,0
3,1,3,11758,2,0
3,1,2,13213,1,1
2,2,3,8594,1,1
1,1,3,12086,1,1
3,1,2,4734,1,0
4,2,1,13521,2,0
3,1,1,14280,1,0
4,1,1,9350,1,1
2,3,1,4890,2,0
4,1,3,14583,1,0
2,2,2,13252,1,1
4,1,3,9879,2,0
1,3,1,10349,1,0
2,1,2,12615,1,0
1,3,1,7143,2,1
2,3,3,7292,1,1
4,2,3,10677,1,0
2,2,1,3841,1,1
4,2,3,11948,2,0
2,2,2,12785,2,1
2,1,2,13525,2,1
3,3,2,10213,1,0
1,2,2,3632,1,1
3,2,3,3384,1,0
1,1,3,4046,2,1
1,2,2,6377,1,1
2,1,2,4093,1,1
2,1,2,7703,2,1
1,3,3,4552,2,0
2,2,1,10345,1,0
2,1,3,10446,2,1
4,1,2,7550,2,0
4,3,1,8540,1,0
1,3,3,12146,2,1
3,3,2,10591,2,1
3,3,1,6279,1,1
2,2,3,12634,1,0
3,1,2,11699,2,0
4,2,1,5207,1,1
1,2,1,12413,1,1
4,2,2,13831,2,0
3,3,2,10740,1,1
4,2,2,12970,1,0
2,1,2,3890,2,0
4,1,1,12892,2,1
4,2,2,11869,2,1
1,2,1,4928,2,1
3,3,3,5199,2,0
3,1,1,9806,2,1
3,3,1,7650,1,1
2,1,2,6509,2,0
1,2,3,9360,1,0
1,2,1,3649,1,0
1,3,3,10353,2,0
1,1,2,12147,2,1
3,2,3,12588,1,0
4,2,2,3743,1,1
3,2,1,12723,1,1
4,2,1,11614,2,0
1,2,2,3832,1,0
1,1,3,10473,2,1
4,2,1,14552,1,0
1,2,3,8126,1,1
1,2,2,12711,2,1
3,3,1,7966,1,1
2,3,3,13102,2,1
4,1,2,4015,2,0
2,3,3,14534,2,1
4,2,2,10958,2,1
1,2,1,3260,2,1
3,2,3,6518,2,0
1,2,1,5539,2,0
2,3,3,7147,2,0
3,1,1,8518,1,0
3,1,3,14705,1,1
2,1,1,5872,1,1
1,3,3,5996,1,0
1,3,3,5325,2,0
4,3,1,4238,2,0
4,2,3,11260,2,0
3,1,1,11294,2,0
1,2,1,8192,2,1
2,1,2,10612,1,1
3,3,1,6093,1,1
2,3,2,8870,1,0
3,1,3,13463,1,0
3,2,3,5322,2,1
3,3,1,6574,2,0
4,1,3,11386,2,1
1,2,1,14669,1,1
4,1,1,4040,2,0
2,2,2,7950,2,0
4,1,2,7099,1,0
2,2,1,11427,2,0
3,3,1,3014,1,1
4,1,1,5467,2,1
2,2,3,8737,1,1
1,1,2,14754,1,0
4,3,2,13414,1,0
3,2,2,12624,1,0
2,3,3,5383,1,1
3,3,3,8837,2,1
2,3,3,10714,1,0
4,1,1,14174,2,1
1,3,1,7147,2,0
2,2,2,13865,1,1
1,1,3,4341,1,0
2,1,1,4972,1,1
2,1,1,13475,2,0
4,2,1,7598,2,0
2,3,3,14930,1,1
1,2,1,3365,2,1
2,1,2,6662,1,0
2,3,2,5191,1,0
3,2,2,5167,1,0
1,1,2,8715,2,1
2,3,1,4344,1,1
3,1,2,5614,2,0
1,1,3,12062,2,1
4,1,2,12820,2,0
2,3,2,3393,1,1
4,3,1,11041,2,0
1,1,1,12636,1,1
4,2,3,8848,2,0
3,3,2,4498,2,1
4,2,3,13249,1,1
2,1,1,14528,1,1
2,3,2,14253,1,1
3,2,3,4060,1,1
4,3,1,7960,2,0
4,3,2,7953,2,0
4,3,2,7798,2,0
4,3,1,7134,2,0
2,1,2,14837,2,0
4,3,3,11375,2,1
3,3,1,10728,2,1
3,2,2,8400,1,0
1,1,1,11088,1,1
4,3,3,5556,1,1
2,3,3,12004,2,1
1,1,1,7278,1,1
1,2,1,4625,2,1
4,2,1,11441,2,0
4,3,1,6550,1,0
2,2,1,13226,2,1
4,2,2,5954,2,1
1,2,3,14896,1,1
2,1,1,11206,1,1
4,2,1,13346,1,1
2,1,1,13892,2,1
2,3,1,13416,2,1
4,1,2,12332,2,1
1,3,3,13893,2,1
1,1,1,5110,1,0
3,1,1,7266,1,0
1,1,3,9818,1,0
3,2,3,11812,1,1
3,1,1,5921,2,1
3,1,3,8531,1,1
4,1,2,13790,2,1
4,3,3,12144,2,0
3,3,2,4955,2,0
2,3,3,4749,1,1
2,3,3,10045,2,0
2,3,3,7166,2,1
1,1,3,13346,2,0
3,3,2,10436,1,1
2,2,2,8749,1,0
4,3,2,10851,1,1
2,1,3,4443,1,1
2,1,1,14389,2,1
2,2,3,7346,2,0
3,3,1,5992,2,1
4,3,2,5714,2,1
3,3,3,10545,2,1
4,3,2,8124,1,1
1,3,2,4648,2,0
3,2,2,12848,1,0
4,2,3,5008,2,1
3,3,3,8360,1,1
3,3,1,14578,2,0
1,3,2,11712,1,0
2,1,2,12004,2,0
4,2,2,13021,1,0
1,3,2,11292,2,1
3,3,3,5773,2,1
2,1,2,3357,1,1
1,2,1,12793,1,1
1,3,2,3659,2,0
3,2,1,6014,2,1
3,3,3,10481,2,1
1,3,2,9207,2,0
2,2,3,12515,2,1
4,2,3,14979,1,0
4,2,2,13307,2,0
2,3,1,12384,1,1
2,2,3,4122,2,1
3,3,3,8611,1,0
4,2,3,14890,2,1
4,1,2,3472,1,1
2,2,1,10145,1,1
1,3,1,3424,2,1
2,2,1,3599,1,1
1,2,2,9453,1,1
2,2,1,8318,2,0
1,1,3,8461,1,0
1,1,1,7014,1,0
1,2,3,3438,1,1
2,2,2,4706,1,0
4,2,2,8245,2,0
2,2,2,6838,2,0
2,2,1,10024,2,1
2,3,1,14072,1,0
3,1,2,5564,2,1
1,3,1,5232,2,0
1,3,1,8279,2,0
4,1,3,8209,2,0
1,1,3,7063,1,0
1,3,2,5218,2,1
1,2,3,3441,1,1
2,3,3,7731,2,0
2,3,2,3929,2,1
1,3,1,6434,1,1
4,3,2,5146,2,1
2,2,3,12605,2,0
1,2,1,6754,2,0
1,3,1,11074,1,0
2,1,2,8843,1,1
2,3,3,8743,2,0
1,2,3,3018,2,0
3,3,1,14284,2,1
2,2,3,4234,1,1
4,3,3,3937,1,1
2,1,1,3794,1,1
3,3,3,6854,2,0
4,2,2,8070,1,0
3,3,1,13182,2,1
3,2,2,13673,1,1
4,2,3,6437,2,1
3,3,2,3407,2,0
1,1,3,8641,1,1
1,2,1,12665,2,1
3,2,2,12188,2,1
1,3,2,8032,2,1
3,3,2,11106,2,0
2,1,3,9984,2,0
2,2,3,12550,1,1
1,3,3,6286,2,1
1,1,2,12651,2,0
1,1,1,6700,1,1
1,1,1,4752,1,0
4,1,1,7959,2,0
4,1,3,7425,2,0
4,1,2,6463,2,0
1,2,2,10578,2,1
2,3,1,12932,2,1
1,2,2,6548,1,1
3,1,1,11654,2,1
1,3,3,14776,1,1
1,2,2,10723,1,0
2,2,3,3447,1,0
1,3,1,13784,2,1
2,3,3,6936,1,1
1,3,1,9238,2,0
1,3,3,11759,2,0
1,1,2,9757,1,0
4,1,3,12269,1,0
4,1,3,4981,2,0
1,1,1,3740,1,1
1,2,1,8674,1,1
2,3,2,3175,2,1
4,1,1,11462,1,0
4,2,2,11012,2,1
1,3,3,10094,2,0
4,2,1,14789,2,1
1,2,1,3665,1,0
4,3,1,5581,2,1
1,3,1,12446,2,0
1,2,1,9593,2,0
4,2,3,7379,2,0
4,3,2,5516,1,1
3,3,1,13359,2,1
3,1,1,5824,1,0
1,3,2,10872,2,1
3,1,2,10405,1,0
2,3,1,14906,2,0
4,3,1,11070,2,0
4,2,2,11486,2,1
2,3,2,8617,2,0
1,1,1,11317,2,0
1,3,1,7122,1,1
3,1,3,6983,1,1
1,1,3,11391,1,0
3,2,3,11010,1,0
3,1,1,13289,1,1
1,1,2,5934,1,1
3,3,2,14293,2,0
1,2,2,10618,1,1
3,1,2,10876,2,0
2,1,1,6343,1,1
4,2,1,13433,2,0
3,2,3,13740,1,1
1,1,2,11138,2,1
4,1,1,4553,2,1
3,2,2,3469,2,1
4,3,3,5169,1,0
3,2,2,8505,1,0
1,3,1,8996,1,1
4,3,1,8692,1,0
3,3,1,14824,1,1
1,2,2,10089,2,0
3,1,2,6823,2,1
3,2,3,11433,1,0
2,3,1,14379,2,0
1,2,2,5826,1,0
1,2,3,12482,1,0
1,2,2,11420,2,1
2,2,1,9327,2,1
1,3,2,3117,2,0
2,1,1,9528,1,1
4,2,2,6230,1,1
4,1,2,3121,2,1
2,3,2,14900,1,0
4,3,2,11688,1,0
1,1,3,10486,1,0
1,3,2,12851,2,1
4,1,3,4367,1,0
2,3,2,10600,1,0
1,2,1,6819,1,0
1,1,3,10000,1,1
1,2,3,7810,1,1
1,1,1,9611,2,1
4,2,1,5500,1,1
1,1,1,6488,1,0
2,2,2,4201,1,1
2,3,2,14236,1,1
4,1,3,14089,1,0
3,1,1,10471,2,0
3,2,2,4979,2,0
3,1,2,9374,1,0
1,1,1,10383,1,1
1,2,1,10129,2,0
2,1,3,5191,2,1
4,1,1,9228,1,0
2,2,1,7405,1,1
2,3,1,7909,2,0
2,3,2,11526,2,0
4,2,2,3812,1,1
3,3,1,14507,1,0
2,1,2,6832,1,0
2,2,2,10631,2,1
2,1,2,11908,1,0
3,2,3,10488,2,1
3,1,1,7469,1,0
2,2,2,10624,2,0
2,1,3,9454,1,1
1,1,3,6674,1,0
4,1,1,4200,1,1
2,1,3,7802,1,1
1,1,2,8069,2,0
1,1,1,12655,1,0
2,2,3,8275,2,1
4,2,1,13899,2,0
2,3,1,3478,2,1
3,1,1,3550,1,1
4,2,3,6443,2,1
4,2,1,10952,1,0
1,2,2,7216,2,0
2,2,3,7940,2,0
1,3,3,7743,2,0
1,3,1,9911,2,0
2,1,3,9472,2,1
4,3,1,12422,2,0
3,3,1,5133,1,1
4,3,3,12956,2,1
4,2,2,11134,2,0
1,3,3,3358,1,0
3,2,3,10147,1,0
1,2,2,5139,1,0
1,2,1,13163,1,0
1,2,3,14147,2,0
1,2,1,10853,1,1
3,3,1,14332,2,1
4,2,1,9758,2,0
2,1,1,4967,2,0
4,1,1,11053,2,1
3,2,1,8605,1,0
2,1,2,5020,1,0
4,2,2,7413,2,1
3,3,3,13952,1,1
1,1,2,10210,1,0
2,3,3,11465,2,0
3,1,1,5509,2,1
3,1,3,14492,1,1
1,2,3,13500,2,0
4,1,1,11764,2,1
1,1,3,13193,2,1
2,3,2,4127,2,1
2,1,2,6386,2,1
2,1,3,4984,2,1
2,2,3,5699,2,1
1,1,2,11116,2,0
1,3,2,13536,1,1
4,3,3,9578,2,0
4,1,2,13953,1,0
2,1,2,9474,2,0
1,2,3,8237,2,1
2,1,3,6949,1,1
3,3,3,12317,2,0
3,2,2,9800,1,1
2,3,2,11728,1,1
2,2,1,3277,1,0
4,2,3,14490,1,1
4,3,1,8274,2,0
2,2,3,6996,1,1
3,1,1,5435,1,1
2,2,1,8580,2,1
3,1,1,5891,2,1
1,3,1,6701,1,1
4,3,3,7774,2,0
1,1,1,12125,1,0
4,2,3,6290,2,0
1,3,3,9254,1,0
1,1,2,8716,2,0
2,3,3,13628,1,1
4,2,2,11151,1,1
1,1,2,8851,2,1
4,2,1,7216,1,0
2,2,3,6038,2,0
4,3,2,6573,1,1
3,1,1,11349,1,0
1,2,3,14277,1,0
2,2,2,3598,1,1
1,2,2,13434,2,1
1,2,2,9225,2,0
3,1,3,5692,1,0
4,2,1,10836,1,1
1,2,2,8392,1,0
2,2,2,14368,2,0
4,3,1,12961,2,1
2,2,2,6429,2,0
3,1,3,13751,2,0
4,1,2,11282,1,0
4,2,2,13144,2,0
3,2,2,11315,2,1
1,3,2,12255,1,0
4,2,3,10192,1,0
4,2,3,12577,2,1
4,1,1,5465,2,0
4,1,1,11803,2,0
1,3,3,8304,1,0
4,1,3,13239,2,0
4,3,1,3663,1,0
3,3,2,9817,1,1
3,1,2,4220,2,0
4,3,2,9345,2,1
2,3,2,11408,2,1
4,3,1,14287,2,1
4,2,1,9123,2,1
2,3,2,11971,2,0
4,2,3,9447,1,0
1,1,3,14245,1,1
1,1,2,12204,2,0
2,2,2,10868,2,1
4,1,1,6958,1,1
1,2,3,3334,2,1
4,2,3,10067,1,0
4,3,3,14901,2,0
2,3,1,8152,2,1
2,1,2,9871,1,1
1,3,1,7693,2,1
1,1,3,13213,1,1
2,2,2,12317,2,1
4,1,3,14629,1,1
4,1,2,5627,2,0
4,3,2,3970,1,1
1,1,2,9109,2,1
4,3,1,6212,1,1
4,1,3,13037,2,0
2,1,1,5978,1,1
4,1,1,3795,2,1
1,2,3,5269,1,0
4,1,2,13948,1,1
4,2,3,9133,1,1
2,3,1,12046,1,1
3,3,3,11813,2,1
1,2,1,3231,1,1
3,1,3,7644,1,1
4,1,3,6248,1,0
4,1,3,10649,1,1
2,1,1,9325,2,0
1,3,1,11352,2,1
2,2,1,14128,1,0
4,3,3,3649,1,0
1,2,2,8184,2,0
4,2,3,7589,1,1
3,1,2,3886,1,1
4,1,2,3419,2,0
4,1,1,9348,2,1
4,3,3,9028,2,0
4,2,2,13162,2,1
1,3,1,13695,2,1
4,1,3,3176,1,1
3,3,2,7261,2,0
3,3,1,11523,2,1
2,3,2,7281,2,1
1,1,2,11751,1,1
2,3,1,12609,2,1
1,1,2,12299,1,1
3,1,3,7883,2,1
4,1,3,3513,1,0
4,1,1,12077,1,0
1,1,2,4672,2,1
2,3,2,10799,1,1
3,2,3,11367,1,0
1,1,2,10463,2,1
2,1,1,14161,2,1
3,3,2,13293,1,0
4,3,1,3209,1,0
1,1,2,14937,1,1
3,2,3,9945,2,1
1,3,1,9906,1,1
3,2,2,11725,1,0
2,3,2,13756,1,0
3,3,3,13410,2,0
4,1,1,7526,1,0
1,1,3,14237,2,0
3,3,1,4960,2,1
2,3,1,14996,2,0
4,2,1,10712,2,1
3,1,1,14443,2,0
3,2,2,5347,2,0
4,3,2,9300,1,1
4,3,1,3747,2,1
1,3,2,6414,1,0
1,2,1,3917,1,0
2,2,3,4366,1,0
3,3,3,9210,1,1
1,2,3,14321,2,0
1,3,3,7104,1,1
3,3,3,10444,2,1
4,3,3,6350,2,1
3,3,2,13457,1,1
2,3,2,5549,1,1
2,3,1,9241,2,0
4,2,3,7373,2,1
2,3,2,3538,2,1
2,1,3,7996,2,0
1,3,2,10176,2,0
4,1,1,10786,1,0
3,2,3,8449,2,0
4,3,1,6423,1,1
2,2,3,8526,1,0
2,3,2,4540,1,1
4,2,2,6075,1,0
2,1,3,4128,1,1
1,3,3,8336,2,1
4,1,3,6253,1,0
2,3,1,9983,2,0
4,2,1,6848,1,0
1,3,1,10654,1,0
3,1,2,10090,2,1
2,3,1,7078,1,1
2,1,3,12087,1,0
2,1,3,8755,2,1
1,1,1,9515,1,1
4,3,2,14030,1,0
4,2,3,5540,2,1
3,3,1,11936,2,0
1,3,2,8372,1,1
3,1,2,14321,2,0
3,3,3,8535,1,1
2,3,3,3044,1,0
1,2,3,7942,2,1
3,1,3,9598,2,1
2,2,3,7619,1,0
2,2,3,5852,1,0
2,2,3,8945,1,0
2,1,2,13524,2,0
4,3,2,6060,1,0
3,1,3,4914,1,1
3,3,1,3334,2,0
3,1,3,8749,1,0
1,2,1,7821,2,1
3,3,2,8906,2,1
2,2,2,14031,2,0
3,1,2,4451,2,0
2,1,3,13732,2,0
1,3,2,5877,2,0
1,2,3,8220,1,0
4,2,1,3203,1,0
1,2,2,12312,1,1
1,1,2,12698,1,1
3,2,2,9305,1,1
1,2,2,8008,2,1
4,1,2,13913,1,0
3,1,1,14194,2,0
4,3,1,4092,2,1
4,3,2,6027,2,0
4,1,3,4601,1,1
4,2,3,10487,1,0
1,1,2,3540,2,1
4,2,1,10343,2,1
3,2,3,14020,1,0
4,1,3,10092,1,0
3,3,3,3309,2,1
3,1,2,6835,2,0
3,3,1,3158,2,0
2,2,3,6828,1,1
3,1,1,10456,1,1
3,3,2,11015,1,1
1,1,1,13566,2,0
1,1,2,13710,2,0
4,3,2,6742,2,1
3,3,3,13548,2,1
3,1,2,9285,2,0
4,3,3,5792,1,1
3,2,3,4746,2,1
2,3,1,7684,1,0
2,3,3,9354,1,0
3,2,3,7423,2,0
1,2,3,5845,2,1
4,1,3,7341,1,1
4,3,2,6187,2,0
4,2,1,3324,2,1
4,3,1,13560,1,1
3,1,3,3930,1,1
1,2,1,8730,2,0
4,3,1,3042,1,1
3,2,3,8887,1,0
4,2,2,12021,1,0
3,3,3,13393,2,0
2,3,2,12756,1,1
2,3,3,12242,1,1
1,1,1,7824,2,1
2,1,1,10948,2,0
4,1,2,4703,1,1
3,3,3,9447,1,1
4,3,2,4944,1,1
1,2,1,3962,1,0
3,2,3,7381,2,0
3,1,1,9344,2,0
1,3,1,3679,2,1
2,2,2,6971,2,0
4,3,2,3535,1,0
4,1,1,4929,1,1
4,2,1,4694,2,1
4,1,3,10902,2,0
2,2,1,7053,2,1
1,1,1,12563,1,1
1,1,2,7762,2,1
3,3,1,13717,1,1
3,3,3,5415,2,1
4,1,2,9699,1,1
4,3,3,6651,2,0
2,2,3,5375,1,1
2,3,1,5489,2,0
2,2,1,12972,1,1
4,1,3,8579,1,1
4,2,3,7194,2,1
4,1,2,9885,2,0
1,1,3,11802,1,0
1,2,2,5438,1,0
3,3,3,13565,1,1
1,3,1,8009,1,1
4,1,1,14172,1,0
1,1,1,5677,1,1
3,3,3,12227,1,0
2,2,1,3862,1,1
1,1,2,9951,2,1
1,1,3,7042,2,1
1,3,3,9784,1,0
4,3,1,8220,1,0
4,1,2,4087,1,0
3,2,1,3803,1,1
2,3,1,7155,2,1
3,2,1,14769,2,1
3,3,3,6062,2,0
1,2,3,12806,1,1
3,3,1,12130,1,0
3,3,3,9664,2,0
2,2,2,3281,2,0
3,3,1,9843,2,1
2,3,2,9877,1,0
1,3,2,7894,2,1
3,2,1,13470,1,0
4,2,1,14212,2,0
3,2,2,8920,1,1
4,3,3,7014,1,0
3,2,3,5175,1,0
4,2,1,13904,1,1
2,3,2,9533,2,0
4,2,2,12368,2,1
1,1,3,9590,1,0
2,3,2,7097,2,0
1,2,2,13788,2,1
4,3,2,7730,2,1
4,1,3,11644,2,0
4,3,3,3416,1,1
2,3,2,7235,2,0
4,2,1,14959,2,0
3,3,2,12866,2,0
4,3,3,11873,2,0
2,3,3,5400,2,0
2,1,2,8101,1,1
2,3,2,14460,2,1
2,2,3,14488,2,1
2,2,2,12952,2,0
3,1,2,5829,2,0
4,3,3,13578,2,0
2,1,1,3446,1,1
1,1,3,11863,1,0
2,3,2,12011,1,0
1,3,2,14671,2,0
3,2,1,9769,2,0
3,2,3,13184,1,0
2,3,2,11040,1,0
1,1,1,3129,1,0
4,3,2,13161,2,0
4,2,1,4154,1,0
1,3,3,12603,1,0
1,3,1,7697,2,1
2,2,1,4055,2,0
4,2,3,9612,1,1
2,1,2,8215,2,1
1,1,2,3626,1,1
4,1,1,9811,1,1
3,1,3,13037,2,1
1,2,1,8486,1,1
4,3,1,3541,1,0
3,3,2,4408,2,1
3,2,1,9985,2,0
4,2,2,6267,1,1
2,3,3,9084,2,1
2,3,1,4661,2,0
2,1,1,3515,1,0
3,2,3,10208,1,0
4,3,3,12922,2,1
3,2,2,13565,2,0
4,1,2,7591,1,0
2,1,1,6933,1,1
3,2,2,8333,2,0
3,3,1,12206,2,0
3,3,2,14853,1,1
4,3,3,5832,1,0
4,2,1,13209,1,1
1,2,3,12817,2,0
2,2,3,5557,1,0
1,1,1,9758,2,0
4,3,3,12962,1,1
2,2,3,9604,2,0
4,1,2,7508,2,0
4,1,3,7419,1,1
2,1,3,6023,2,1
2,2,3,11401,1,0
4,2,1,10645,1,1
3,1,1,13567,2,0
2,1,3,3622,2,0
3,2,2,7827,2,1
4,1,1,11084,1,0
2,3,2,10486,1,0
2,2,2,10809,2,1
1,3,1,6083,2,0
4,1,2,8077,2,1
1,3,3,13819,1,0
3,3,1,11465,2,1
1,2,2,6596,2,1
4,3,3,13346,2,0
2,3,3,4866,1,0
2,1,2,3927,1,1
4,2,3,9808,1,0
2,3,2,7474,1,1
4,1,3,14658,1,1
4,2,1,5930,1,0
1,3,1,6560,2,1
4,2,2,9079,1,0
3,2,1,7818,1,0
2,2,3,4861,1,1
4,3,3,9482,2,1
4,1,2,8523,1,1
3,3,2,13326,1,0
4,3,3,5154,2,0
3,3,1,5068,2,0
3,3,2,6458,1,1
1,1,3,5279,1,0
1,1,2,6058,1,0
3,3,3,4566,2,1
1,1,2,10058,2,0
4,3,3,12959,1,0
1,2,2,9658,1,0
1,3,1,13944,2,0
2,2,1,13589,1,0
4,1,2,3182,2,1
3,2,3,8790,2,1
4,2,2,5107,2,0
3,3,1,13496,2,0
1,3,1,9138,1,1
3,2,2,12580,1,1
2,2,3,3218,2,1
3,2,2,7284,1,0
3,2,2,3740,1,0
4,2,1,7333,1,0
4,1,1,10405,2,0
4,3,1,5338,2,1
1,1,3,10901,1,0
1,1,3,4637,2,1
4,1,2,12543,1,1
2,1,3,6766,2,0
4,3,3,6270,1,1
4,2,3,9791,2,0
1,2,2,13515,2,0
1,1,2,11605,2,1
1,2,1,5235,2,0
1,1,1,5752,2,0
1,2,2,10110,2,1
1,2,2,7874,1,1
2,2,1,7483,2,1
1,2,2,12929,1,0
4,2,2,11168,2,1
1,1,1,10562,2,0
1,2,2,14029,2,1
1,3,3,5897,1,1
1,3,1,12649,2,1
2,2,1,12471,1,1
3,2,3,13326,1,0
3,3,1,12507,2,0
4,2,2,6951,2,0
4,1,3,7179,2,1
4,2,3,5034,1,0
2,3,3,10167,2,1
3,2,1,6043,2,1
3,3,1,11914,1,0
3,3,3,13492,2,0
3,2,1,7943,2,0
3,3,3,14296,1,0
1,2,1,4566,1,0
3,2,1,12663,1,1
2,1,3,5328,2,1
2,3,3,12295,2,1
4,3,1,8928,1,1
3,2,2,5937,2,1
2,1,3,7548,1,0
4,1,3,10458,1,1
4,2,2,13302,2,0
3,3,1,6949,1,0
3,3,2,9904,1,1
3,2,1,14195,1,1
3,2,1,3332,2,1
3,1,2,6259,2,0
3,1,2,4290,1,1
4,1,3,5335,1,1
3,1,3,14691,1,1
4,2,1,7057,2,0
4,3,2,10995,1,0
2,3,2,8453,2,1
3,1,1,12711,1,0
3,1,1,13913,2,0
3,3,3,7689,1,0
1,2,2,11652,2,0
4,1,1,13730,2,0
2,1,3,14314,2,1
1,3,3,14744,1,1
4,2,3,10680,1,0
4,1,1,7729,1,0
2,3,2,12898,1,1
1,1,3,6994,2,0
2,2,2,7351,2,0
2,3,2,9498,2,0
4,3,3,10058,2,0
1,3,2,3704,1,1
3,2,3,8945,2,1
1,2,2,5922,1,0
2,2,3,8960,1,1
2,3,3,10074,1,1
2,3,3,13875,2,1
1,1,3,4297,1,1
4,3,3,5722,1,0
3,1,2,4337,2,0
3,3,1,14914,1,0
2,3,3,9243,1,1
3,2,2,5254,1,0
1,3,1,12429,1,0
3,2,3,3376,2,1
2,1,2,13697,1,0
3,2,3,5032,2,1
1,3,1,4195,1,1
4,1,3,10947,1,1
2,2,3,8708,2,1
1,1,1,7914,2,1
3,1,1,9651,1,1
4,3,3,13958,1,0
4,1,3,4163,1,1
4,3,1,5279,2,1
4,1,3,9405,1,0
1,1,1,9034,2,0
4,1,3,7774,1,0
3,3,1,3496,1,0
4,2,3,7107,2,0
1,2,2,4855,1,1
3,3,1,9322,1,1
3,1,3,12517,1,0
1,1,3,8028,1,0
1,2,2,10882,2,0
3,2,1,10113,1,0
3,1,3,11243,2,1
3,2,2,13274,2,0
3,1,1,7530,1,1
4,2,3,13978,1,0
1,1,1,10309,2,1
3,2,2,4724,1,1
4,2,3,9981,2,0
4,1,1,9837,1,0
3,1,2,9696,1,1
2,1,3,8734,1,0
1,3,1,8487,2,0
2,1,3,10803,2,1
4,3,2,10030,2,0
3,2,3,11393,2,1
2,3,2,9866,1,1
2,3,1,10501,2,1
3,1,2,11032,1,0
3,2,2,7640,2,0
2,1,1,13568,1,1
2,3,2,10109,1,1
3,3,1,13158,2,0
3,1,2,9331,2,1
3,3,1,12008,1,1
2,3,1,8560,1,0
4,1,3,12380,1,1
1,1,2,9546,2,1
1,1,3,5847,1,1
3,1,3,7327,1,0
2,3,1,13400,2,1
1,3,1,12371,2,0
3,3,1,7204,2,0
4,1,2,3170,1,0
4,3,3,3919,1,0
2,3,2,10613,2,1
2,2,3,14274,2,0
2,3,2,14321,2,0
2,3,2,3725,2,0
3,1,2,7176,2,0
4,3,2,4741,2,1
4,1,2,7950,2,0
3,2,1,3776,1,1
4,3,2,10533,1,1
1,3,2,10479,1,1
4,3,1,9549,2,0
1,1,2,14716,1,1
2,2,2,11816,2,0
4,2,1,5856,2,1
2,2,1,9521,2,0
1,3,1,11768,1,1
3,2,3,13368,2,1
4,1,3,5816,1,0
1,3,1,8468,2,1
4,2,2,14722,1,1
4,3,1,4587,2,1
3,3,2,4736,1,1
2,1,3,9190,1,0
3,1,3,9788,2,1
3,3,3,6391,2,0
3,1,2,4088,2,1
3,3,3,14485,2,0
4,1,1,8765,1,0
4,1,1,12501,2,0
2,2,2,14557,2,1
4,3,1,4622,2,0
2,2,3,13071,2,0
4,3,1,4517,1,1
3,1,2,6754,2,1
1,2,1,7026,1,0
4,3,1,6940,1,1
2,2,2,10068,2,1
4,1,3,7768,1,0
1,3,2,7761,2,0
2,1,2,11541,1,1
1,3,1,8579,1,1
3,3,2,9499,2,1
4,2,1,7882,1,1
1,2,3,12668,1,0
3,1,3,3329,2,1
4,3,3,5022,1,0
3,1,2,7182,2,0
1,3,1,3632,1,1
4,3,1,11361,2,0
4,3,3,10609,1,0
4,3,1,11921,1,1
3,2,3,13525,2,0
3,1,3,3811,2,0
3,1,3,14434,2,0
3,2,2,3980,1,0
3,1,3,6332,2,1
3,2,1,8482,2,0
2,1,3,7746,1,0
3,1,2,5617,1,0
2,2,2,12825,1,1
3,1,1,8520,1,0
4,2,2,11592,1,1
1,2,1,12223,1,0
2,2,3,12117,2,0
2,3,3,14569,2,1
3,2,3,6876,1,0
2,3,1,11716,2,0
4,1,2,4613,1,0
2,3,2,9186,2,1
1,3,2,3712,2,0
2,2,3,7210,2,1
3,3,2,3507,2,1
3,3,1,14831,2,0
4,2,3,4015,2,1
2,2,1,11361,2,0
1,3,2,8822,2,0
1,1,2,9596,2,1
2,3,1,10581,1,0
1,1,3,13680,2,1
3,2,1,3653,2,1
1,3,2,10710,2,1
2,1,1,13501,1,0
4,1,2,7898,2,0
4,3,2,6597,2,1
4,3,1,9682,1,0
4,1,2,4720,1,0
4,3,2,6496,1,1
1,3,2,10359,2,0
1,1,1,14792,2,1
4,1,3,8716,2,0
2,2,2,6349,2,1
4,1,3,13236,2,1
2,1,2,3607,2,1
1,2,3,13167,1,1
4,3,3,3750,1,0
3,2,2,9466,1,0
1,2,1,13641,2,1
2,1,3,9996,1,1
3,2,1,11410,1,0
3,3,1,7436,1,0
3,2,1,11687,1,1
4,1,2,7401,2,0
3,2,3,10839,2,1
2,1,3,4811,2,1
2,2,1,10832,2,1
1,2,2,10984,1,1
3,2,2,8406,2,1
4,3,3,14354,1,0
1,2,2,9230,2,1
1,2,1,12188,2,0
3,1,1,13054,1,1
2,3,3,8697,1,0
4,3,1,13591,2,1
4,2,2,13114,1,0
2,1,3,5440,2,1
3,3,2,13613,1,1
1,3,3,11837,2,0
1,1,3,11029,2,0
1,1,3,12282,2,0
2,2,1,9769,1,1
3,1,3,6900,2,0
3,2,1,3756,1,0
3,2,1,9746,2,0
4,2,3,3339,1,1
1,1,1,9016,1,0
3,1,2,8047,1,1
2,2,2,12278,1,0
4,3,2,12527,1,0
4,2,3,14832,2,0
4,2,2,8201,2,1
4,2,1,12248,2,0
4,1,3,7607,2,0
3,3,1,8187,2,0
3,1,2,5088,2,1
1,2,1,10148,1,0
1,1,2,13136,2,1
3,3,2,13586,1,0
1,3,2,9017,2,1
4,2,1,8806,2,0
4,1,3,13758,1,0
1,2,2,5320,2,1
3,2,2,11026,2,1
3,3,3,4870,2,0
3,2,3,4483,2,1
1,3,3,6391,1,0
3,3,2,9225,1,0
3,3,3,10519,2,1
2,1,2,3394,2,0
3,1,3,14921,2,0
1,3,3,5875,2,0
1,1,1,7898,1,0
3,2,2,12156,1,0
2,2,2,9397,2,0
2,2,1,9957,1,0
2,3,3,5902,2,0
1,1,2,5531,1,1
4,3,2,6439,1,0
2,3,3,4463,2,0
2,3,2,11417,2,0
4,2,3,4205,1,1
3,3,3,14939,1,0
1,2,3,4319,2,1
3,3,3,12446,1,0
4,1,2,14932,1,1
3,1,3,3695,2,1
1,3,2,13164,2,1
3,3,1,3105,1,1
2,2,3,14182,1,0
3,1,3,4860,1,0
2,2,1,4915,2,0
4,1,1,11461,2,1
3,3,1,7766,2,0
2,1,3,13261,1,0
1,2,1,8163,1,1
2,3,3,9975,2,0
1,3,1,12574,1,1
1,2,1,6548,2,0
3,1,2,13783,2,1
3,3,2,5525,2,0
2,1,2,14708,1,1
3,1,2,10852,2,1
2,3,2,13147,2,1
3,3,1,10410,1,0
3,3,1,6026,1,1
3,2,1,4394,2,1
3,1,3,9888,2,0
1,1,1,14583,1,0
2,3,2,9297,2,1
2,2,3,5078,1,0
1,3,2,8235,1,1
3,2,1,3035,2,0
3,2,1,12414,2,0
4,1,2,11093,2,0
4,2,2,4669,1,1
2,2,3,9960,1,1
4,3,3,13153,2,0
1,1,2,8749,2,1
2,1,1,13839,1,0
2,1,3,7507,2,0
3,2,3,11494,2,0
3,1,2,11453,1,1
3,1,2,5670,1,1
1,2,3,5977,1,1
1,1,3,14554,2,1
3,3,2,13329,2,1
1,1,2,8172,1,1
1,3,2,10123,2,1
1,3,3,11388,2,0
1,1,2,9893,1,1
4,1,2,7465,1,1
4,3,2,11286,2,0
2,1,2,7764,2,0
3,3,1,14517,2,1
3,2,3,9009,2,0
3,1,1,14940,2,1
3,2,3,3353,1,0
4,2,1,5294,1,1
1,3,3,4527,2,0
3,1,3,4137,1,0
2,2,2,4209,2,0
3,3,2,3789,2,1
2,2,3,12413,1,0
2,1,3,12032,2,0
2,1,1,10036,2,0
3,1,1,11800,1,1
2,3,2,5730,1,1
4,1,1,6023,2,1
1,3,3,8751,1,1
3,1,3,13551,1,1
3,2,1,8867,1,0
3,1,3,11438,1,1
1,3,1,10493,1,0
2,1,2,3381,2,1
2,3,1,12137,2,0
2,2,2,11709,2,0
2,1,1,12333,2,1
4,2,3,6066,1,1
4,3,2,7390,2,1
2,1,3,13649,1,1
3,2,1,13313,1,1
2,1,3,10154,2,0
3,3,3,8687,1,1
4,2,1,8117,1,0
2,1,3,11737,1,1
1,2,3,6224,1,0
3,3,3,14862,1,0
4,2,3,6386,2,1
3,1,2,8920,1,1
1,3,1,13171,2,0
3,1,1,7609,1,1
2,2,1,14005,2,1
4,2,3,9011,1,0
2,3,2,7011,2,0
2,3,2,14070,2,1
1,2,1,14878,1,1
1,1,1,6662,1,1
2,1,3,8469,1,1
4,1,1,4959,1,1
3,2,3,8113,1,0
3,3,3,12582,1,0
4,1,2,11267,2,0
1,1,1,13295,1,1
2,3,1,7416,2,0
3,3,3,4215,1,0
4,2,2,4677,2,0
3,1,2,9808,2,1
4,2,2,8942,2,0
1,3,3,9659,1,1
3,2,3,11542,1,0
4,1,3,7207,1,0
3,1,3,11332,2,0
3,3,3,12106,1,0
1,1,2,12821,1,1
3,1,3,12128,2,0
4,3,1,6092,1,0
3,1,3,9077,1,1
3,1,3,10681,1,0
3,2,1,7343,2,1
4,3,1,5263,2,1
2,2,3,10241,2,0
1,1,3,9321,2,0
3,3,1,5441,1,1
1,1,3,5491,1,1
1,1,3,3969,2,1
2,3,3,10124,1,1
3,2,1,8330,1,1
1,3,2,6286,1,0
3,2,1,10883,1,0
4,3,1,9124,1,0
4,2,2,6436,1,0
4,3,1,4295,1,0
2,3,1,6167,1,1